2026-04-11 14:30:57 [restartedMain] INFO  com.gearflow.GearFlowApplication - Starting GearFlowApplication using Java 23.0.2 with PID 22712 (D:\Git\Project\GearFlow\backend\target\classes started by PDinh in D:\Git\Project\GearFlow)
2026-04-11 14:30:57 [restartedMain] DEBUG com.gearflow.GearFlowApplication - Running with Spring Boot v3.1.5, Spring v6.0.13
2026-04-11 14:30:57 [restartedMain] INFO  com.gearflow.GearFlowApplication - No active profile set, falling back to 1 default profile: "default"
2026-04-11 14:30:59 [restartedMain] INFO  o.s.b.d.e.DevToolsPropertyDefaultsPostProcessor - Devtools property defaults active! Set 'spring.devtools.add-properties' to 'false' to disable
2026-04-11 14:30:59 [restartedMain] INFO  o.s.b.d.e.DevToolsPropertyDefaultsPostProcessor - For additional web related logging consider setting the 'logging.level.web' property to 'DEBUG'
2026-04-11 14:31:08 [restartedMain] INFO  o.s.d.r.c.RepositoryConfigurationDelegate - Multiple Spring Data modules found, entering strict repository configuration mode
2026-04-11 14:31:08 [restartedMain] INFO  o.s.d.r.c.RepositoryConfigurationDelegate - Bootstrapping Spring Data JPA repositories in DEFAULT mode.
2026-04-11 14:31:22 [restartedMain] INFO  o.s.d.r.c.RepositoryConfigurationDelegate - Finished Spring Data repository scanning in 13665 ms. Found 19 JPA repository interfaces.
2026-04-11 14:31:22 [restartedMain] INFO  o.s.d.r.c.RepositoryConfigurationDelegate - Multiple Spring Data modules found, entering strict repository configuration mode
2026-04-11 14:31:22 [restartedMain] INFO  o.s.d.r.c.RepositoryConfigurationDelegate - Bootstrapping Spring Data Redis repositories in DEFAULT mode.
2026-04-11 14:31:23 [restartedMain] INFO  o.s.d.r.c.RepositoryConfigurationExtensionSupport - Spring Data Redis - Could not safely identify store assignment for repository candidate interface com.gearflow.repository.AttributeDefinitionRepository; If you want this repository to be a Redis repository, consider annotating your entities with one of these annotations: org.springframework.data.redis.core.RedisHash (preferred), or consider extending one of the following types with your repository: org.springframework.data.keyvalue.repository.KeyValueRepository
2026-04-11 14:31:23 [restartedMain] INFO  o.s.d.r.c.RepositoryConfigurationExtensionSupport - Spring Data Redis - Could not safely identify store assignment for repository candidate interface com.gearflow.repository.BrandRepository; If you want this repository to be a Redis repository, consider annotating your entities with one of these annotations: org.springframework.data.redis.core.RedisHash (preferred), or consider extending one of the following types with your repository: org.springframework.data.keyvalue.repository.KeyValueRepository
2026-04-11 14:31:23 [restartedMain] INFO  o.s.d.r.c.RepositoryConfigurationExtensionSupport - Spring Data Redis - Could not safely identify store assignment for repository candidate interface com.gearflow.repository.CartRepository; If you want this repository to be a Redis repository, consider annotating your entities with one of these annotations: org.springframework.data.redis.core.RedisHash (preferred), or consider extending one of the following types with your repository: org.springframework.data.keyvalue.repository.KeyValueRepository
2026-04-11 14:31:23 [restartedMain] INFO  o.s.d.r.c.RepositoryConfigurationExtensionSupport - Spring Data Redis - Could not safely identify store assignment for repository candidate interface com.gearflow.repository.CategoryRepository; If you want this repository to be a Redis repository, consider annotating your entities with one of these annotations: org.springframework.data.redis.core.RedisHash (preferred), or consider extending one of the following types with your repository: org.springframework.data.keyvalue.repository.KeyValueRepository
2026-04-11 14:31:23 [restartedMain] INFO  o.s.d.r.c.RepositoryConfigurationExtensionSupport - Spring Data Redis - Could not safely identify store assignment for repository candidate interface com.gearflow.repository.CouponRepository; If you want this repository to be a Redis repository, consider annotating your entities with one of these annotations: org.springframework.data.redis.core.RedisHash (preferred), or consider extending one of the following types with your repository: org.springframework.data.keyvalue.repository.KeyValueRepository
2026-04-11 14:31:23 [restartedMain] INFO  o.s.d.r.c.RepositoryConfigurationExtensionSupport - Spring Data Redis - Could not safely identify store assignment for repository candidate interface com.gearflow.repository.JwtTokenRepository; If you want this repository to be a Redis repository, consider annotating your entities with one of these annotations: org.springframework.data.redis.core.RedisHash (preferred), or consider extending one of the following types with your repository: org.springframework.data.keyvalue.repository.KeyValueRepository
2026-04-11 14:31:23 [restartedMain] INFO  o.s.d.r.c.RepositoryConfigurationExtensionSupport - Spring Data Redis - Could not safely identify store assignment for repository candidate interface com.gearflow.repository.NotificationRepository; If you want this repository to be a Redis repository, consider annotating your entities with one of these annotations: org.springframework.data.redis.core.RedisHash (preferred), or consider extending one of the following types with your repository: org.springframework.data.keyvalue.repository.KeyValueRepository
2026-04-11 14:31:23 [restartedMain] INFO  o.s.d.r.c.RepositoryConfigurationExtensionSupport - Spring Data Redis - Could not safely identify store assignment for repository candidate interface com.gearflow.repository.OrderItemRepository; If you want this repository to be a Redis repository, consider annotating your entities with one of these annotations: org.springframework.data.redis.core.RedisHash (preferred), or consider extending one of the following types with your repository: org.springframework.data.keyvalue.repository.KeyValueRepository
2026-04-11 14:31:23 [restartedMain] INFO  o.s.d.r.c.RepositoryConfigurationExtensionSupport - Spring Data Redis - Could not safely identify store assignment for repository candidate interface com.gearflow.repository.OrderRepository; If you want this repository to be a Redis repository, consider annotating your entities with one of these annotations: org.springframework.data.redis.core.RedisHash (preferred), or consider extending one of the following types with your repository: org.springframework.data.keyvalue.repository.KeyValueRepository
2026-04-11 14:31:23 [restartedMain] INFO  o.s.d.r.c.RepositoryConfigurationExtensionSupport - Spring Data Redis - Could not safely identify store assignment for repository candidate interface com.gearflow.repository.PaymentRepository; If you want this repository to be a Redis repository, consider annotating your entities with one of these annotations: org.springframework.data.redis.core.RedisHash (preferred), or consider extending one of the following types with your repository: org.springframework.data.keyvalue.repository.KeyValueRepository
2026-04-11 14:31:23 [restartedMain] INFO  o.s.d.r.c.RepositoryConfigurationExtensionSupport - Spring Data Redis - Could not safely identify store assignment for repository candidate interface com.gearflow.repository.ProductAttributeRepository; If you want this repository to be a Redis repository, consider annotating your entities with one of these annotations: org.springframework.data.redis.core.RedisHash (preferred), or consider extending one of the following types with your repository: org.springframework.data.keyvalue.repository.KeyValueRepository
2026-04-11 14:31:23 [restartedMain] INFO  o.s.d.r.c.RepositoryConfigurationExtensionSupport - Spring Data Redis - Could not safely identify store assignment for repository candidate interface com.gearflow.repository.ProductRepository; If you want this repository to be a Redis repository, consider annotating your entities with one of these annotations: org.springframework.data.redis.core.RedisHash (preferred), or consider extending one of the following types with your repository: org.springframework.data.keyvalue.repository.KeyValueRepository
2026-04-11 14:31:23 [restartedMain] INFO  o.s.d.r.c.RepositoryConfigurationExtensionSupport - Spring Data Redis - Could not safely identify store assignment for repository candidate interface com.gearflow.repository.ProductVariantRepository; If you want this repository to be a Redis repository, consider annotating your entities with one of these annotations: org.springframework.data.redis.core.RedisHash (preferred), or consider extending one of the following types with your repository: org.springframework.data.keyvalue.repository.KeyValueRepository
2026-04-11 14:31:23 [restartedMain] INFO  o.s.d.r.c.RepositoryConfigurationExtensionSupport - Spring Data Redis - Could not safely identify store assignment for repository candidate interface com.gearflow.repository.ProductViewRepository; If you want this repository to be a Redis repository, consider annotating your entities with one of these annotations: org.springframework.data.redis.core.RedisHash (preferred), or consider extending one of the following types with your repository: org.springframework.data.keyvalue.repository.KeyValueRepository
2026-04-11 14:31:23 [restartedMain] INFO  o.s.d.r.c.RepositoryConfigurationExtensionSupport - Spring Data Redis - Could not safely identify store assignment for repository candidate interface com.gearflow.repository.ReviewRepository; If you want this repository to be a Redis repository, consider annotating your entities with one of these annotations: org.springframework.data.redis.core.RedisHash (preferred), or consider extending one of the following types with your repository: org.springframework.data.keyvalue.repository.KeyValueRepository
2026-04-11 14:31:23 [restartedMain] INFO  o.s.d.r.c.RepositoryConfigurationExtensionSupport - Spring Data Redis - Could not safely identify store assignment for repository candidate interface com.gearflow.repository.ShippingAddressRepository; If you want this repository to be a Redis repository, consider annotating your entities with one of these annotations: org.springframework.data.redis.core.RedisHash (preferred), or consider extending one of the following types with your repository: org.springframework.data.keyvalue.repository.KeyValueRepository
2026-04-11 14:31:23 [restartedMain] INFO  o.s.d.r.c.RepositoryConfigurationExtensionSupport - Spring Data Redis - Could not safely identify store assignment for repository candidate interface com.gearflow.repository.StockRepository; If you want this repository to be a Redis repository, consider annotating your entities with one of these annotations: org.springframework.data.redis.core.RedisHash (preferred), or consider extending one of the following types with your repository: org.springframework.data.keyvalue.repository.KeyValueRepository
2026-04-11 14:31:23 [restartedMain] INFO  o.s.d.r.c.RepositoryConfigurationExtensionSupport - Spring Data Redis - Could not safely identify store assignment for repository candidate interface com.gearflow.repository.UserRepository; If you want this repository to be a Redis repository, consider annotating your entities with one of these annotations: org.springframework.data.redis.core.RedisHash (preferred), or consider extending one of the following types with your repository: org.springframework.data.keyvalue.repository.KeyValueRepository
2026-04-11 14:31:23 [restartedMain] INFO  o.s.d.r.c.RepositoryConfigurationExtensionSupport - Spring Data Redis - Could not safely identify store assignment for repository candidate interface com.gearflow.repository.WishlistRepository; If you want this repository to be a Redis repository, consider annotating your entities with one of these annotations: org.springframework.data.redis.core.RedisHash (preferred), or consider extending one of the following types with your repository: org.springframework.data.keyvalue.repository.KeyValueRepository
2026-04-11 14:31:23 [restartedMain] INFO  o.s.d.r.c.RepositoryConfigurationDelegate - Finished Spring Data repository scanning in 550 ms. Found 0 Redis repository interfaces.
2026-04-11 14:31:37 [restartedMain] INFO  o.s.b.w.e.tomcat.TomcatWebServer - Tomcat initialized with port(s): 8080 (http)
2026-04-11 14:31:37 [restartedMain] INFO  o.a.catalina.core.StandardService - Starting service [Tomcat]
2026-04-11 14:31:37 [restartedMain] INFO  o.a.catalina.core.StandardEngine - Starting Servlet engine: [Apache Tomcat/10.1.15]
2026-04-11 14:31:38 [restartedMain] INFO  o.a.c.c.C.[.[localhost].[/api] - Initializing Spring embedded WebApplicationContext
2026-04-11 14:31:38 [restartedMain] INFO  o.s.b.w.s.c.ServletWebServerApplicationContext - Root WebApplicationContext: initialization completed in 38280 ms
2026-04-11 14:31:38 [restartedMain] INFO  com.zaxxer.hikari.HikariDataSource - HikariPool-1 - Starting...
2026-04-11 14:31:39 [restartedMain] INFO  com.zaxxer.hikari.pool.HikariPool - HikariPool-1 - Added connection org.postgresql.jdbc.PgConnection@66ca603e
2026-04-11 14:31:39 [restartedMain] INFO  com.zaxxer.hikari.HikariDataSource - HikariPool-1 - Start completed.
2026-04-11 14:31:39 [restartedMain] INFO  o.s.b.a.h.H2ConsoleAutoConfiguration - H2 console available at '/h2-console'. Database available at 'jdbc:postgresql://localhost:5432/gearflow'
2026-04-11 14:31:40 [restartedMain] INFO  o.f.c.i.license.VersionPrinter - Flyway Community Edition 9.16.3 by Redgate
2026-04-11 14:31:40 [restartedMain] INFO  o.f.c.i.license.VersionPrinter - See release notes here: https://rd.gt/416ObMi
2026-04-11 14:31:40 [restartedMain] INFO  o.f.c.i.license.VersionPrinter - 
2026-04-11 14:31:40 [restartedMain] INFO  o.f.c.i.d.base.BaseDatabaseType - Database: jdbc:postgresql://localhost:5432/gearflow (PostgreSQL 17.4)
2026-04-11 14:31:40 [restartedMain] WARN  o.f.c.i.database.base.Database - Flyway upgrade recommended: PostgreSQL 17.4 is newer than this version of Flyway and support has not been tested. The latest supported version of PostgreSQL is 15.
2026-04-11 14:31:41 [restartedMain] INFO  o.f.core.internal.command.DbMigrate - Current version of schema "public": 11
2026-04-11 14:31:41 [restartedMain] INFO  o.f.core.internal.command.DbMigrate - Schema "public" is up to date. No migration necessary.
2026-04-11 14:31:41 [restartedMain] INFO  o.h.jpa.internal.util.LogHelper - HHH000204: Processing PersistenceUnitInfo [name: default]
2026-04-11 14:31:42 [restartedMain] INFO  org.hibernate.Version - HHH000412: Hibernate ORM core version 6.2.13.Final
2026-04-11 14:31:42 [restartedMain] INFO  org.hibernate.cfg.Environment - HHH000406: Using bytecode reflection optimizer
2026-04-11 14:31:44 [restartedMain] INFO  o.s.o.j.p.SpringPersistenceUnitInfo - No LoadTimeWeaver setup: ignoring JPA class transformer
2026-04-11 14:31:44 [restartedMain] WARN  org.hibernate.orm.deprecation - HHH90000025: PostgreSQLDialect does not need to be specified explicitly using 'hibernate.dialect' (remove the property setting and it will be selected by default)
2026-04-11 14:31:50 [restartedMain] INFO  o.h.e.t.j.p.i.JtaPlatformInitiator - HHH000489: No JTA platform available (set 'hibernate.transaction.jta.platform' to enable JTA platform integration)
2026-04-11 14:31:51 [restartedMain] INFO  o.s.o.j.LocalContainerEntityManagerFactoryBean - Initialized JPA EntityManagerFactory for persistence unit 'default'
2026-04-11 14:31:52 [restartedMain] INFO  o.s.d.j.r.query.QueryEnhancerFactory - Hibernate is in classpath; If applicable, HQL parser will be used.
2026-04-11 14:32:02 [restartedMain] DEBUG c.g.security.JwtAuthenticationFilter - Filter 'jwtAuthenticationFilter' configured for use
2026-04-11 14:32:02 [restartedMain] DEBUG c.gearflow.config.RateLimitingFilter - Filter 'rateLimitingFilter' configured for use
2026-04-11 14:32:02 [restartedMain] DEBUG com.gearflow.config.CorsFilter - Filter 'corsFilter' configured for use
2026-04-11 14:32:15 [restartedMain] WARN  o.s.b.a.o.j.JpaBaseConfiguration$JpaWebConfiguration - spring.jpa.open-in-view is enabled by default. Therefore, database queries may be performed during view rendering. Explicitly configure spring.jpa.open-in-view to disable this warning
2026-04-11 14:32:19 [restartedMain] INFO  c.gearflow.service.CloudinaryService - Cloudinary initialized with cloud name: def4abpgi
2026-04-11 14:32:26 [restartedMain] INFO  o.s.s.web.DefaultSecurityFilterChain - Will secure any request with [org.springframework.security.web.session.DisableEncodeUrlFilter@643b8aa2, org.springframework.security.web.context.request.async.WebAsyncManagerIntegrationFilter@7038cea6, org.springframework.security.web.context.SecurityContextHolderFilter@1663ff1d, org.springframework.security.web.header.HeaderWriterFilter@502ecf7d, org.springframework.web.filter.CorsFilter@6b01ccfb, org.springframework.security.web.authentication.logout.LogoutFilter@6ae579d8, com.gearflow.security.JwtAuthenticationFilter@1e50d9b1, org.springframework.security.web.savedrequest.RequestCacheAwareFilter@3bb45f7a, org.springframework.security.web.servletapi.SecurityContextHolderAwareRequestFilter@455f290f, org.springframework.security.web.authentication.AnonymousAuthenticationFilter@ad88a15, org.springframework.security.web.session.SessionManagementFilter@727ee7a9, org.springframework.security.web.access.ExceptionTranslationFilter@3c0793f3, org.springframework.security.web.access.intercept.AuthorizationFilter@59e9bfdc]
2026-04-11 14:32:35 [restartedMain] DEBUG o.s.w.s.m.m.a.RequestMappingHandlerAdapter - ControllerAdvice beans: 0 @ModelAttribute, 0 @InitBinder, 1 RequestBodyAdvice, 1 ResponseBodyAdvice
2026-04-11 14:32:36 [restartedMain] DEBUG o.s.w.s.m.m.a.RequestMappingHandlerMapping - 166 mappings in 'requestMappingHandlerMapping'
2026-04-11 14:32:37 [restartedMain] DEBUG o.s.w.s.h.SimpleUrlHandlerMapping - Patterns [/webjars/**, /**] in 'resourceHandlerMapping'
2026-04-11 14:32:37 [restartedMain] DEBUG o.s.w.s.m.m.a.ExceptionHandlerExceptionResolver - ControllerAdvice beans: 1 @ExceptionHandler, 1 ResponseBodyAdvice
2026-04-11 14:32:58 [restartedMain] INFO  o.s.b.d.a.OptionalLiveReloadServer - LiveReload server is running on port 35729
2026-04-11 14:32:59 [restartedMain] INFO  o.s.b.w.e.tomcat.TomcatWebServer - Tomcat started on port(s): 8080 (http) with context path '/api'
2026-04-11 14:32:59 [restartedMain] INFO  com.gearflow.GearFlowApplication - Started GearFlowApplication in 124.073 seconds (process running for 128.351)
2026-04-11 14:32:59 [restartedMain] DEBUG org.hibernate.SQL - 
    select
        u1_0.user_id 
    from
        users u1_0 
    where
        u1_0.user_name=? 
    fetch
        first ? rows only
2026-04-11 14:32:59 [restartedMain] DEBUG org.hibernate.SQL - 
    select
        u1_0.user_id 
    from
        users u1_0 
    where
        u1_0.user_name=? 
    fetch
        first ? rows only
2026-04-11 14:32:59 [restartedMain] INFO  com.gearflow.config.DataInitializer - 🚀 Data initialization completed!
2026-04-11 14:32:59 [restartedMain] INFO  com.gearflow.config.DataInitializer - 📝 Test accounts:
2026-04-11 14:32:59 [restartedMain] INFO  com.gearflow.config.DataInitializer -    - Username: testuser, Password: password123 (USER)
2026-04-11 14:32:59 [restartedMain] INFO  com.gearflow.config.DataInitializer -    - Username: admin, Password: password123 (ADMIN)
2026-04-11 14:34:57 [http-nio-8080-exec-4] INFO  o.a.c.c.C.[.[localhost].[/api] - Initializing Spring DispatcherServlet 'dispatcherServlet'
2026-04-11 14:34:57 [http-nio-8080-exec-4] INFO  o.s.web.servlet.DispatcherServlet - Initializing Servlet 'dispatcherServlet'
2026-04-11 14:34:57 [http-nio-8080-exec-4] DEBUG o.s.web.servlet.DispatcherServlet - Detected StandardServletMultipartResolver
2026-04-11 14:34:57 [http-nio-8080-exec-4] DEBUG o.s.web.servlet.DispatcherServlet - Detected AcceptHeaderLocaleResolver
2026-04-11 14:34:57 [http-nio-8080-exec-4] DEBUG o.s.web.servlet.DispatcherServlet - Detected FixedThemeResolver
2026-04-11 14:34:57 [http-nio-8080-exec-4] DEBUG o.s.web.servlet.DispatcherServlet - Detected org.springframework.web.servlet.view.DefaultRequestToViewNameTranslator@50a7c0c8
2026-04-11 14:34:58 [http-nio-8080-exec-4] DEBUG o.s.web.servlet.DispatcherServlet - Detected org.springframework.web.servlet.support.SessionFlashMapManager@7a196c88
2026-04-11 14:34:58 [http-nio-8080-exec-4] DEBUG o.s.web.servlet.DispatcherServlet - enableLoggingRequestDetails='false': request parameters and headers will be masked to prevent unsafe logging of potentially sensitive data
2026-04-11 14:34:58 [http-nio-8080-exec-4] INFO  o.s.web.servlet.DispatcherServlet - Completed initialization in 300 ms
2026-04-11 14:34:59 [http-nio-8080-exec-4] DEBUG o.s.web.servlet.DispatcherServlet - GET "/api/products?page=0&size=8", parameters={masked}
2026-04-11 14:34:59 [http-nio-8080-exec-4] DEBUG o.s.w.s.m.m.a.RequestMappingHandlerMapping - Mapped to com.gearflow.controller.ProductController#getAllProducts(int, int)
2026-04-11 14:34:59 [http-nio-8080-exec-4] INFO  com.gearflow.service.ProductService - Fetching all products with pagination: page=0, size=8
2026-04-11 14:34:59 [http-nio-8080-exec-4] DEBUG org.hibernate.SQL - 
    select
        p1_0.product_id,
        p1_0.base_price,
        p1_0.brands_id,
        p1_0.categories_id,
        p1_0.created_at,
        p1_0.description,
        p1_0.image,
        p1_0.product_name,
        p1_0.support,
        p1_0.updated_at 
    from
        products p1_0 
    offset
        ? rows 
    fetch
        first ? rows only
2026-04-11 14:34:59 [http-nio-8080-exec-9] ERROR c.gearflow.security.JwtTokenProvider - Expired JWT token: JWT expired 11915833 milliseconds ago at 2026-04-11T04:16:24.000Z. Current time: 2026-04-11T07:34:59.833Z. Allowed clock skew: 0 milliseconds.
2026-04-11 14:34:59 [http-nio-8080-exec-9] DEBUG o.s.web.servlet.DispatcherServlet - GET "/api/cart", parameters={}
2026-04-11 14:34:59 [http-nio-8080-exec-9] DEBUG o.s.w.s.m.m.a.RequestMappingHandlerMapping - Mapped to com.gearflow.controller.CartController#getCart(UserPrincipal)
2026-04-11 14:34:59 [http-nio-8080-exec-9] WARN  c.gearflow.controller.CartController - GET /api/cart - Unauthorized: user is null
2026-04-11 14:35:00 [http-nio-8080-exec-4] DEBUG org.hibernate.SQL - 
    select
        count(p1_0.product_id) 
    from
        products p1_0
2026-04-11 14:35:00 [http-nio-8080-exec-9] DEBUG o.s.w.s.m.m.a.HttpEntityMethodProcessor - Using 'application/json', given [*/*] and supported [application/json, application/*+json]
2026-04-11 14:35:00 [http-nio-8080-exec-9] DEBUG o.s.w.s.m.m.a.HttpEntityMethodProcessor - Nothing to write: null body
2026-04-11 14:35:00 [http-nio-8080-exec-4] DEBUG org.hibernate.SQL - 
    select
        p1_0.pro_variant_id,
        p1_0.color,
        p1_0.connect_type,
        p1_0.created_at,
        p1_0.keycap_set,
        p1_0.price_modifier,
        p1_0.product_id,
        p1_0.switch_type 
    from
        product_variants p1_0 
    where
        p1_0.product_id=?
2026-04-11 14:35:00 [http-nio-8080-exec-9] DEBUG o.s.web.servlet.DispatcherServlet - Completed 401 UNAUTHORIZED
2026-04-11 14:35:00 [http-nio-8080-exec-4] DEBUG org.hibernate.SQL - 
    select
        s1_0.pro_variant_id,
        s1_0.quantity,
        s1_0.reserved,
        s1_0.updated_at 
    from
        stock s1_0 
    where
        s1_0.pro_variant_id=?
2026-04-11 14:35:00 [http-nio-8080-exec-4] DEBUG org.hibernate.SQL - 
    select
        s1_0.pro_variant_id,
        s1_0.quantity,
        s1_0.reserved,
        s1_0.updated_at 
    from
        stock s1_0 
    where
        s1_0.pro_variant_id=?
2026-04-11 14:35:00 [http-nio-8080-exec-4] DEBUG org.hibernate.SQL - 
    select
        s1_0.pro_variant_id,
        s1_0.quantity,
        s1_0.reserved,
        s1_0.updated_at 
    from
        stock s1_0 
    where
        s1_0.pro_variant_id=?
2026-04-11 14:35:00 [http-nio-8080-exec-4] DEBUG org.hibernate.SQL - 
    select
        s1_0.pro_variant_id,
        s1_0.quantity,
        s1_0.reserved,
        s1_0.updated_at 
    from
        stock s1_0 
    where
        s1_0.pro_variant_id=?
2026-04-11 14:35:00 [http-nio-8080-exec-4] DEBUG org.hibernate.SQL - 
    select
        p1_0.attr_id,
        p1_0.attr_def_id,
        p1_0.created_at,
        p1_0.attr_name,
        p1_0.price_adjustment,
        p1_0.product_id,
        p1_0.attr_value 
    from
        product_attributes p1_0 
    where
        p1_0.product_id=?
2026-04-11 14:35:00 [http-nio-8080-exec-4] DEBUG org.hibernate.SQL - 
    select
        p1_0.pro_variant_id,
        p1_0.color,
        p1_0.connect_type,
        p1_0.created_at,
        p1_0.keycap_set,
        p1_0.price_modifier,
        p1_0.product_id,
        p1_0.switch_type 
    from
        product_variants p1_0 
    where
        p1_0.product_id=?
2026-04-11 14:35:00 [http-nio-8080-exec-4] DEBUG org.hibernate.SQL - 
    select
        s1_0.pro_variant_id,
        s1_0.quantity,
        s1_0.reserved,
        s1_0.updated_at 
    from
        stock s1_0 
    where
        s1_0.pro_variant_id=?
2026-04-11 14:35:00 [http-nio-8080-exec-4] DEBUG org.hibernate.SQL - 
    select
        s1_0.pro_variant_id,
        s1_0.quantity,
        s1_0.reserved,
        s1_0.updated_at 
    from
        stock s1_0 
    where
        s1_0.pro_variant_id=?
2026-04-11 14:35:00 [http-nio-8080-exec-4] DEBUG org.hibernate.SQL - 
    select
        s1_0.pro_variant_id,
        s1_0.quantity,
        s1_0.reserved,
        s1_0.updated_at 
    from
        stock s1_0 
    where
        s1_0.pro_variant_id=?
2026-04-11 14:35:00 [http-nio-8080-exec-4] DEBUG org.hibernate.SQL - 
    select
        p1_0.attr_id,
        p1_0.attr_def_id,
        p1_0.created_at,
        p1_0.attr_name,
        p1_0.price_adjustment,
        p1_0.product_id,
        p1_0.attr_value 
    from
        product_attributes p1_0 
    where
        p1_0.product_id=?
2026-04-11 14:35:00 [http-nio-8080-exec-4] DEBUG org.hibernate.SQL - 
    select
        p1_0.pro_variant_id,
        p1_0.color,
        p1_0.connect_type,
        p1_0.created_at,
        p1_0.keycap_set,
        p1_0.price_modifier,
        p1_0.product_id,
        p1_0.switch_type 
    from
        product_variants p1_0 
    where
        p1_0.product_id=?
2026-04-11 14:35:00 [http-nio-8080-exec-4] DEBUG org.hibernate.SQL - 
    select
        s1_0.pro_variant_id,
        s1_0.quantity,
        s1_0.reserved,
        s1_0.updated_at 
    from
        stock s1_0 
    where
        s1_0.pro_variant_id=?
2026-04-11 14:35:00 [http-nio-8080-exec-4] DEBUG org.hibernate.SQL - 
    select
        s1_0.pro_variant_id,
        s1_0.quantity,
        s1_0.reserved,
        s1_0.updated_at 
    from
        stock s1_0 
    where
        s1_0.pro_variant_id=?
2026-04-11 14:35:00 [http-nio-8080-exec-4] DEBUG org.hibernate.SQL - 
    select
        p1_0.attr_id,
        p1_0.attr_def_id,
        p1_0.created_at,
        p1_0.attr_name,
        p1_0.price_adjustment,
        p1_0.product_id,
        p1_0.attr_value 
    from
        product_attributes p1_0 
    where
        p1_0.product_id=?
2026-04-11 14:35:00 [http-nio-8080-exec-4] DEBUG org.hibernate.SQL - 
    select
        p1_0.pro_variant_id,
        p1_0.color,
        p1_0.connect_type,
        p1_0.created_at,
        p1_0.keycap_set,
        p1_0.price_modifier,
        p1_0.product_id,
        p1_0.switch_type 
    from
        product_variants p1_0 
    where
        p1_0.product_id=?
2026-04-11 14:35:00 [http-nio-8080-exec-4] DEBUG org.hibernate.SQL - 
    select
        s1_0.pro_variant_id,
        s1_0.quantity,
        s1_0.reserved,
        s1_0.updated_at 
    from
        stock s1_0 
    where
        s1_0.pro_variant_id=?
2026-04-11 14:35:00 [http-nio-8080-exec-4] DEBUG org.hibernate.SQL - 
    select
        s1_0.pro_variant_id,
        s1_0.quantity,
        s1_0.reserved,
        s1_0.updated_at 
    from
        stock s1_0 
    where
        s1_0.pro_variant_id=?
2026-04-11 14:35:00 [http-nio-8080-exec-4] DEBUG org.hibernate.SQL - 
    select
        p1_0.attr_id,
        p1_0.attr_def_id,
        p1_0.created_at,
        p1_0.attr_name,
        p1_0.price_adjustment,
        p1_0.product_id,
        p1_0.attr_value 
    from
        product_attributes p1_0 
    where
        p1_0.product_id=?
2026-04-11 14:35:00 [http-nio-8080-exec-4] DEBUG org.hibernate.SQL - 
    select
        p1_0.pro_variant_id,
        p1_0.color,
        p1_0.connect_type,
        p1_0.created_at,
        p1_0.keycap_set,
        p1_0.price_modifier,
        p1_0.product_id,
        p1_0.switch_type 
    from
        product_variants p1_0 
    where
        p1_0.product_id=?
2026-04-11 14:35:00 [http-nio-8080-exec-4] DEBUG org.hibernate.SQL - 
    select
        s1_0.pro_variant_id,
        s1_0.quantity,
        s1_0.reserved,
        s1_0.updated_at 
    from
        stock s1_0 
    where
        s1_0.pro_variant_id=?
2026-04-11 14:35:00 [http-nio-8080-exec-4] DEBUG org.hibernate.SQL - 
    select
        s1_0.pro_variant_id,
        s1_0.quantity,
        s1_0.reserved,
        s1_0.updated_at 
    from
        stock s1_0 
    where
        s1_0.pro_variant_id=?
2026-04-11 14:35:00 [http-nio-8080-exec-4] DEBUG org.hibernate.SQL - 
    select
        p1_0.attr_id,
        p1_0.attr_def_id,
        p1_0.created_at,
        p1_0.attr_name,
        p1_0.price_adjustment,
        p1_0.product_id,
        p1_0.attr_value 
    from
        product_attributes p1_0 
    where
        p1_0.product_id=?
2026-04-11 14:35:00 [http-nio-8080-exec-4] DEBUG org.hibernate.SQL - 
    select
        p1_0.pro_variant_id,
        p1_0.color,
        p1_0.connect_type,
        p1_0.created_at,
        p1_0.keycap_set,
        p1_0.price_modifier,
        p1_0.product_id,
        p1_0.switch_type 
    from
        product_variants p1_0 
    where
        p1_0.product_id=?
2026-04-11 14:35:00 [http-nio-8080-exec-4] DEBUG org.hibernate.SQL - 
    select
        s1_0.pro_variant_id,
        s1_0.quantity,
        s1_0.reserved,
        s1_0.updated_at 
    from
        stock s1_0 
    where
        s1_0.pro_variant_id=?
2026-04-11 14:35:00 [http-nio-8080-exec-4] DEBUG org.hibernate.SQL - 
    select
        s1_0.pro_variant_id,
        s1_0.quantity,
        s1_0.reserved,
        s1_0.updated_at 
    from
        stock s1_0 
    where
        s1_0.pro_variant_id=?
2026-04-11 14:35:00 [http-nio-8080-exec-4] DEBUG org.hibernate.SQL - 
    select
        p1_0.attr_id,
        p1_0.attr_def_id,
        p1_0.created_at,
        p1_0.attr_name,
        p1_0.price_adjustment,
        p1_0.product_id,
        p1_0.attr_value 
    from
        product_attributes p1_0 
    where
        p1_0.product_id=?
2026-04-11 14:35:00 [http-nio-8080-exec-4] DEBUG org.hibernate.SQL - 
    select
        p1_0.pro_variant_id,
        p1_0.color,
        p1_0.connect_type,
        p1_0.created_at,
        p1_0.keycap_set,
        p1_0.price_modifier,
        p1_0.product_id,
        p1_0.switch_type 
    from
        product_variants p1_0 
    where
        p1_0.product_id=?
2026-04-11 14:35:00 [http-nio-8080-exec-4] DEBUG org.hibernate.SQL - 
    select
        s1_0.pro_variant_id,
        s1_0.quantity,
        s1_0.reserved,
        s1_0.updated_at 
    from
        stock s1_0 
    where
        s1_0.pro_variant_id=?
2026-04-11 14:35:00 [http-nio-8080-exec-4] DEBUG org.hibernate.SQL - 
    select
        s1_0.pro_variant_id,
        s1_0.quantity,
        s1_0.reserved,
        s1_0.updated_at 
    from
        stock s1_0 
    where
        s1_0.pro_variant_id=?
2026-04-11 14:35:00 [http-nio-8080-exec-4] DEBUG org.hibernate.SQL - 
    select
        p1_0.attr_id,
        p1_0.attr_def_id,
        p1_0.created_at,
        p1_0.attr_name,
        p1_0.price_adjustment,
        p1_0.product_id,
        p1_0.attr_value 
    from
        product_attributes p1_0 
    where
        p1_0.product_id=?
2026-04-11 14:35:00 [http-nio-8080-exec-4] DEBUG org.hibernate.SQL - 
    select
        p1_0.pro_variant_id,
        p1_0.color,
        p1_0.connect_type,
        p1_0.created_at,
        p1_0.keycap_set,
        p1_0.price_modifier,
        p1_0.product_id,
        p1_0.switch_type 
    from
        product_variants p1_0 
    where
        p1_0.product_id=?
2026-04-11 14:35:00 [http-nio-8080-exec-4] DEBUG org.hibernate.SQL - 
    select
        s1_0.pro_variant_id,
        s1_0.quantity,
        s1_0.reserved,
        s1_0.updated_at 
    from
        stock s1_0 
    where
        s1_0.pro_variant_id=?
2026-04-11 14:35:00 [http-nio-8080-exec-4] DEBUG org.hibernate.SQL - 
    select
        s1_0.pro_variant_id,
        s1_0.quantity,
        s1_0.reserved,
        s1_0.updated_at 
    from
        stock s1_0 
    where
        s1_0.pro_variant_id=?
2026-04-11 14:35:00 [http-nio-8080-exec-4] DEBUG org.hibernate.SQL - 
    select
        p1_0.attr_id,
        p1_0.attr_def_id,
        p1_0.created_at,
        p1_0.attr_name,
        p1_0.price_adjustment,
        p1_0.product_id,
        p1_0.attr_value 
    from
        product_attributes p1_0 
    where
        p1_0.product_id=?
2026-04-11 14:35:00 [http-nio-8080-exec-4] DEBUG o.s.w.s.m.m.a.HttpEntityMethodProcessor - Using 'application/json', given [*/*] and supported [application/json, application/*+json]
2026-04-11 14:35:00 [http-nio-8080-exec-4] DEBUG o.s.w.s.m.m.a.HttpEntityMethodProcessor - Writing [Page 1 of 4 containing com.gearflow.dto.ProductDTO instances]
2026-04-11 14:35:00 [http-nio-8080-exec-4] DEBUG o.s.web.servlet.DispatcherServlet - Completed 200 OK
2026-04-11 14:35:16 [http-nio-8080-exec-1] DEBUG o.s.web.servlet.DispatcherServlet - POST "/api/auth/login", parameters={}
2026-04-11 14:35:16 [http-nio-8080-exec-1] DEBUG o.s.w.s.m.m.a.RequestMappingHandlerMapping - Mapped to com.gearflow.controller.AuthController#login(AuthRequest)
2026-04-11 14:35:16 [http-nio-8080-exec-1] DEBUG o.s.w.s.m.m.a.RequestResponseBodyMethodProcessor - Read "application/json;charset=UTF-8" to [AuthRequest(username=admin, password=password123)]
2026-04-11 14:35:16 [http-nio-8080-exec-1] DEBUG org.hibernate.SQL - 
    select
        u1_0.user_id,
        u1_0.address,
        u1_0.created_at,
        u1_0.image_url,
        u1_0.password,
        u1_0.phone,
        u1_0.role,
        u1_0.updated_at,
        u1_0.user_name 
    from
        users u1_0 
    where
        u1_0.user_name=?
2026-04-11 14:35:17 [http-nio-8080-exec-1] DEBUG org.hibernate.SQL - 
    select
        u1_0.user_id,
        u1_0.address,
        u1_0.created_at,
        u1_0.image_url,
        u1_0.password,
        u1_0.phone,
        u1_0.role,
        u1_0.updated_at,
        u1_0.user_name 
    from
        users u1_0 
    where
        u1_0.user_name=?
2026-04-11 14:35:17 [http-nio-8080-exec-1] INFO  c.gearflow.service.JwtTokenService - Saving JWT token for user: e6031b54-4cdf-42c2-8d5f-ac0696c64a15
2026-04-11 14:35:17 [http-nio-8080-exec-1] DEBUG org.hibernate.SQL - 
    insert 
    into
        jwt_tokens
        (created_at,expires_at,last_used_at,revoked_at,status,token,token_type,user_id,token_id) 
    values
        (?,?,?,?,?,?,?,?,?)
2026-04-11 14:35:18 [http-nio-8080-exec-1] INFO  c.gearflow.service.JwtTokenService - Saving JWT token for user: e6031b54-4cdf-42c2-8d5f-ac0696c64a15
2026-04-11 14:35:18 [http-nio-8080-exec-1] DEBUG org.hibernate.SQL - 
    insert 
    into
        jwt_tokens
        (created_at,expires_at,last_used_at,revoked_at,status,token,token_type,user_id,token_id) 
    values
        (?,?,?,?,?,?,?,?,?)
2026-04-11 14:35:18 [http-nio-8080-exec-1] INFO  com.gearflow.service.AuthService - User logged in successfully: admin
2026-04-11 14:35:18 [http-nio-8080-exec-1] DEBUG o.s.w.s.m.m.a.HttpEntityMethodProcessor - Using 'application/json', given [*/*] and supported [application/json, application/*+json]
2026-04-11 14:35:18 [http-nio-8080-exec-1] DEBUG o.s.w.s.m.m.a.HttpEntityMethodProcessor - Writing [AuthResponse(accessToken=eyJhbGciOiJIUzUxMiJ9.eyJzdWIiOiJlNjAzMWI1NC00Y2RmLTQyYzItOGQ1Zi1hYzA2OTZjNj (truncated)...]
2026-04-11 14:35:18 [http-nio-8080-exec-1] DEBUG o.s.web.servlet.DispatcherServlet - Completed 200 OK
2026-04-11 14:35:18 [http-nio-8080-exec-2] DEBUG c.gearflow.service.JwtTokenService - Validating JWT token from database
2026-04-11 14:35:18 [http-nio-8080-exec-2] DEBUG org.hibernate.SQL - 
    select
        j1_0.token_id,
        j1_0.created_at,
        j1_0.expires_at,
        j1_0.last_used_at,
        j1_0.revoked_at,
        j1_0.status,
        j1_0.token,
        j1_0.token_type,
        j1_0.user_id 
    from
        jwt_tokens j1_0 
    where
        j1_0.token=?
2026-04-11 14:35:18 [http-nio-8080-exec-2] DEBUG org.hibernate.SQL - 
    select
        j1_0.token_id,
        j1_0.created_at,
        j1_0.expires_at,
        j1_0.last_used_at,
        j1_0.revoked_at,
        j1_0.status,
        j1_0.token,
        j1_0.token_type,
        j1_0.user_id 
    from
        jwt_tokens j1_0 
    where
        j1_0.token_id=?
2026-04-11 14:35:18 [http-nio-8080-exec-8] DEBUG o.s.web.servlet.DispatcherServlet - GET "/api/products?page=0&size=8", parameters={masked}
2026-04-11 14:35:18 [http-nio-8080-exec-8] DEBUG o.s.w.s.m.m.a.RequestMappingHandlerMapping - Mapped to com.gearflow.controller.ProductController#getAllProducts(int, int)
2026-04-11 14:35:18 [http-nio-8080-exec-8] DEBUG o.s.w.s.m.m.a.HttpEntityMethodProcessor - Using 'application/json', given [*/*] and supported [application/json, application/*+json]
2026-04-11 14:35:18 [http-nio-8080-exec-8] DEBUG o.s.w.s.m.m.a.HttpEntityMethodProcessor - Writing [Page 1 of 4 containing com.gearflow.dto.ProductDTO instances]
2026-04-11 14:35:18 [http-nio-8080-exec-8] DEBUG o.s.web.servlet.DispatcherServlet - Completed 200 OK
2026-04-11 14:35:18 [http-nio-8080-exec-2] DEBUG org.hibernate.SQL - 
    update
        jwt_tokens 
    set
        expires_at=?,
        last_used_at=?,
        revoked_at=?,
        status=?,
        token=?,
        token_type=?,
        user_id=? 
    where
        token_id=?
2026-04-11 14:35:18 [http-nio-8080-exec-2] DEBUG org.hibernate.SQL - 
    select
        u1_0.user_id,
        u1_0.address,
        u1_0.created_at,
        u1_0.image_url,
        u1_0.password,
        u1_0.phone,
        u1_0.role,
        u1_0.updated_at,
        u1_0.user_name 
    from
        users u1_0 
    where
        u1_0.user_id=?
2026-04-11 14:35:18 [http-nio-8080-exec-2] DEBUG o.s.web.servlet.DispatcherServlet - GET "/api/cart", parameters={}
2026-04-11 14:35:18 [http-nio-8080-exec-2] DEBUG o.s.w.s.m.m.a.RequestMappingHandlerMapping - Mapped to com.gearflow.controller.CartController#getCart(UserPrincipal)
2026-04-11 14:35:18 [http-nio-8080-exec-2] INFO  c.gearflow.controller.CartController - GET /api/cart for user: e6031b54-4cdf-42c2-8d5f-ac0696c64a15
2026-04-11 14:35:18 [http-nio-8080-exec-2] INFO  com.gearflow.service.CartService - Fetching cart for user: e6031b54-4cdf-42c2-8d5f-ac0696c64a15
2026-04-11 14:35:18 [http-nio-8080-exec-2] DEBUG org.hibernate.SQL - 
    select
        c1_0.cart_id,
        c1_0.created_at,
        c1_0.updated_at,
        c1_0.user_id 
    from
        carts c1_0 
    where
        c1_0.user_id=?
2026-04-11 14:35:18 [http-nio-8080-exec-2] DEBUG org.hibernate.SQL - 
    select
        i1_0.cart_id,
        i1_0.cart_item_id,
        i1_0.created_at,
        i1_0.quantity,
        i1_0.updated_at,
        i1_0.pro_variant_id 
    from
        cart_items i1_0 
    where
        i1_0.cart_id=?
2026-04-11 14:35:18 [http-nio-8080-exec-2] DEBUG o.s.w.s.m.m.a.HttpEntityMethodProcessor - Using 'application/json', given [*/*] and supported [application/json, application/*+json]
2026-04-11 14:35:18 [http-nio-8080-exec-2] DEBUG o.s.w.s.m.m.a.HttpEntityMethodProcessor - Writing [CartDTO(userId=e6031b54-4cdf-42c2-8d5f-ac0696c64a15, items=[], totalPrice=0, totalItems=0)]
2026-04-11 14:35:18 [http-nio-8080-exec-2] DEBUG o.s.web.servlet.DispatcherServlet - Completed 200 OK
2026-04-11 14:35:23 [http-nio-8080-exec-3] DEBUG o.s.web.servlet.DispatcherServlet - GET "/api/products?page=0&size=100", parameters={masked}
2026-04-11 14:35:23 [http-nio-8080-exec-3] DEBUG o.s.w.s.m.m.a.RequestMappingHandlerMapping - Mapped to com.gearflow.controller.ProductController#getAllProducts(int, int)
2026-04-11 14:35:23 [http-nio-8080-exec-9] DEBUG o.s.web.servlet.DispatcherServlet - GET "/api/categories", parameters={}
2026-04-11 14:35:23 [http-nio-8080-exec-9] DEBUG o.s.w.s.m.m.a.RequestMappingHandlerMapping - Mapped to com.gearflow.controller.CategoryController#getAllCategories()
2026-04-11 14:35:23 [http-nio-8080-exec-4] DEBUG o.s.web.servlet.DispatcherServlet - GET "/api/brands", parameters={}
2026-04-11 14:35:23 [http-nio-8080-exec-9] INFO  c.g.controller.CategoryController - GET /api/categories
2026-04-11 14:35:23 [http-nio-8080-exec-4] DEBUG o.s.w.s.m.m.a.RequestMappingHandlerMapping - Mapped to com.gearflow.controller.PublicBrandController#getAllBrands()
2026-04-11 14:35:23 [http-nio-8080-exec-3] INFO  com.gearflow.service.ProductService - Fetching all products with pagination: page=0, size=100
2026-04-11 14:35:23 [http-nio-8080-exec-4] INFO  c.g.controller.PublicBrandController - GET /api/brands
2026-04-11 14:35:23 [http-nio-8080-exec-3] DEBUG org.hibernate.SQL - 
    select
        p1_0.product_id,
        p1_0.base_price,
        p1_0.brands_id,
        p1_0.categories_id,
        p1_0.created_at,
        p1_0.description,
        p1_0.image,
        p1_0.product_name,
        p1_0.support,
        p1_0.updated_at 
    from
        products p1_0 
    offset
        ? rows 
    fetch
        first ? rows only
2026-04-11 14:35:23 [http-nio-8080-exec-9] DEBUG org.hibernate.SQL - 
    select
        c1_0.categories_id,
        c1_0.created_at,
        c1_0.description,
        c1_0.categories_name 
    from
        categories c1_0
2026-04-11 14:35:23 [http-nio-8080-exec-4] DEBUG org.hibernate.SQL - 
    select
        b1_0.brands_id,
        b1_0.created_at,
        b1_0.description,
        b1_0.brands_name 
    from
        brands b1_0
2026-04-11 14:35:23 [http-nio-8080-exec-3] DEBUG org.hibernate.SQL - 
    select
        p1_0.pro_variant_id,
        p1_0.color,
        p1_0.connect_type,
        p1_0.created_at,
        p1_0.keycap_set,
        p1_0.price_modifier,
        p1_0.product_id,
        p1_0.switch_type 
    from
        product_variants p1_0 
    where
        p1_0.product_id=?
2026-04-11 14:35:23 [http-nio-8080-exec-3] DEBUG org.hibernate.SQL - 
    select
        s1_0.pro_variant_id,
        s1_0.quantity,
        s1_0.reserved,
        s1_0.updated_at 
    from
        stock s1_0 
    where
        s1_0.pro_variant_id=?
2026-04-11 14:35:23 [http-nio-8080-exec-3] DEBUG org.hibernate.SQL - 
    select
        s1_0.pro_variant_id,
        s1_0.quantity,
        s1_0.reserved,
        s1_0.updated_at 
    from
        stock s1_0 
    where
        s1_0.pro_variant_id=?
2026-04-11 14:35:23 [http-nio-8080-exec-3] DEBUG org.hibernate.SQL - 
    select
        s1_0.pro_variant_id,
        s1_0.quantity,
        s1_0.reserved,
        s1_0.updated_at 
    from
        stock s1_0 
    where
        s1_0.pro_variant_id=?
2026-04-11 14:35:23 [http-nio-8080-exec-3] DEBUG org.hibernate.SQL - 
    select
        s1_0.pro_variant_id,
        s1_0.quantity,
        s1_0.reserved,
        s1_0.updated_at 
    from
        stock s1_0 
    where
        s1_0.pro_variant_id=?
2026-04-11 14:35:23 [http-nio-8080-exec-9] DEBUG o.s.w.s.m.m.a.HttpEntityMethodProcessor - Using 'application/json', given [*/*] and supported [application/json, application/*+json]
2026-04-11 14:35:23 [http-nio-8080-exec-4] DEBUG o.s.w.s.m.m.a.HttpEntityMethodProcessor - Using 'application/json', given [*/*] and supported [application/json, application/*+json]
2026-04-11 14:35:23 [http-nio-8080-exec-9] DEBUG o.s.w.s.m.m.a.HttpEntityMethodProcessor - Writing [[CategoryDTO(id=cat-001, name=Mechanical Keyboards, description=High-quality mechanical keyboards fo (truncated)...]
2026-04-11 14:35:23 [http-nio-8080-exec-3] DEBUG org.hibernate.SQL - 
    select
        p1_0.attr_id,
        p1_0.attr_def_id,
        p1_0.created_at,
        p1_0.attr_name,
        p1_0.price_adjustment,
        p1_0.product_id,
        p1_0.attr_value 
    from
        product_attributes p1_0 
    where
        p1_0.product_id=?
2026-04-11 14:35:23 [http-nio-8080-exec-4] DEBUG o.s.w.s.m.m.a.HttpEntityMethodProcessor - Writing [[BrandDTO(id=brand-001, name=Keychron, description=Premium wireless mechanical keyboards, imageUrl=n (truncated)...]
2026-04-11 14:35:23 [http-nio-8080-exec-4] DEBUG o.s.web.servlet.DispatcherServlet - Completed 200 OK
2026-04-11 14:35:23 [http-nio-8080-exec-9] DEBUG o.s.web.servlet.DispatcherServlet - Completed 200 OK
2026-04-11 14:35:23 [http-nio-8080-exec-3] DEBUG org.hibernate.SQL - 
    select
        p1_0.pro_variant_id,
        p1_0.color,
        p1_0.connect_type,
        p1_0.created_at,
        p1_0.keycap_set,
        p1_0.price_modifier,
        p1_0.product_id,
        p1_0.switch_type 
    from
        product_variants p1_0 
    where
        p1_0.product_id=?
2026-04-11 14:35:23 [http-nio-8080-exec-3] DEBUG org.hibernate.SQL - 
    select
        s1_0.pro_variant_id,
        s1_0.quantity,
        s1_0.reserved,
        s1_0.updated_at 
    from
        stock s1_0 
    where
        s1_0.pro_variant_id=?
2026-04-11 14:35:23 [http-nio-8080-exec-3] DEBUG org.hibernate.SQL - 
    select
        s1_0.pro_variant_id,
        s1_0.quantity,
        s1_0.reserved,
        s1_0.updated_at 
    from
        stock s1_0 
    where
        s1_0.pro_variant_id=?
2026-04-11 14:35:23 [http-nio-8080-exec-3] DEBUG org.hibernate.SQL - 
    select
        s1_0.pro_variant_id,
        s1_0.quantity,
        s1_0.reserved,
        s1_0.updated_at 
    from
        stock s1_0 
    where
        s1_0.pro_variant_id=?
2026-04-11 14:35:23 [http-nio-8080-exec-3] DEBUG org.hibernate.SQL - 
    select
        p1_0.attr_id,
        p1_0.attr_def_id,
        p1_0.created_at,
        p1_0.attr_name,
        p1_0.price_adjustment,
        p1_0.product_id,
        p1_0.attr_value 
    from
        product_attributes p1_0 
    where
        p1_0.product_id=?
2026-04-11 14:35:23 [http-nio-8080-exec-3] DEBUG org.hibernate.SQL - 
    select
        p1_0.pro_variant_id,
        p1_0.color,
        p1_0.connect_type,
        p1_0.created_at,
        p1_0.keycap_set,
        p1_0.price_modifier,
        p1_0.product_id,
        p1_0.switch_type 
    from
        product_variants p1_0 
    where
        p1_0.product_id=?
2026-04-11 14:35:23 [http-nio-8080-exec-3] DEBUG org.hibernate.SQL - 
    select
        s1_0.pro_variant_id,
        s1_0.quantity,
        s1_0.reserved,
        s1_0.updated_at 
    from
        stock s1_0 
    where
        s1_0.pro_variant_id=?
2026-04-11 14:35:23 [http-nio-8080-exec-3] DEBUG org.hibernate.SQL - 
    select
        s1_0.pro_variant_id,
        s1_0.quantity,
        s1_0.reserved,
        s1_0.updated_at 
    from
        stock s1_0 
    where
        s1_0.pro_variant_id=?
2026-04-11 14:35:23 [http-nio-8080-exec-3] DEBUG org.hibernate.SQL - 
    select
        p1_0.attr_id,
        p1_0.attr_def_id,
        p1_0.created_at,
        p1_0.attr_name,
        p1_0.price_adjustment,
        p1_0.product_id,
        p1_0.attr_value 
    from
        product_attributes p1_0 
    where
        p1_0.product_id=?
2026-04-11 14:35:23 [http-nio-8080-exec-3] DEBUG org.hibernate.SQL - 
    select
        p1_0.pro_variant_id,
        p1_0.color,
        p1_0.connect_type,
        p1_0.created_at,
        p1_0.keycap_set,
        p1_0.price_modifier,
        p1_0.product_id,
        p1_0.switch_type 
    from
        product_variants p1_0 
    where
        p1_0.product_id=?
2026-04-11 14:35:23 [http-nio-8080-exec-3] DEBUG org.hibernate.SQL - 
    select
        s1_0.pro_variant_id,
        s1_0.quantity,
        s1_0.reserved,
        s1_0.updated_at 
    from
        stock s1_0 
    where
        s1_0.pro_variant_id=?
2026-04-11 14:35:23 [http-nio-8080-exec-3] DEBUG org.hibernate.SQL - 
    select
        s1_0.pro_variant_id,
        s1_0.quantity,
        s1_0.reserved,
        s1_0.updated_at 
    from
        stock s1_0 
    where
        s1_0.pro_variant_id=?
2026-04-11 14:35:23 [http-nio-8080-exec-3] DEBUG org.hibernate.SQL - 
    select
        p1_0.attr_id,
        p1_0.attr_def_id,
        p1_0.created_at,
        p1_0.attr_name,
        p1_0.price_adjustment,
        p1_0.product_id,
        p1_0.attr_value 
    from
        product_attributes p1_0 
    where
        p1_0.product_id=?
2026-04-11 14:35:23 [http-nio-8080-exec-3] DEBUG org.hibernate.SQL - 
    select
        p1_0.pro_variant_id,
        p1_0.color,
        p1_0.connect_type,
        p1_0.created_at,
        p1_0.keycap_set,
        p1_0.price_modifier,
        p1_0.product_id,
        p1_0.switch_type 
    from
        product_variants p1_0 
    where
        p1_0.product_id=?
2026-04-11 14:35:23 [http-nio-8080-exec-3] DEBUG org.hibernate.SQL - 
    select
        s1_0.pro_variant_id,
        s1_0.quantity,
        s1_0.reserved,
        s1_0.updated_at 
    from
        stock s1_0 
    where
        s1_0.pro_variant_id=?
2026-04-11 14:35:23 [http-nio-8080-exec-3] DEBUG org.hibernate.SQL - 
    select
        s1_0.pro_variant_id,
        s1_0.quantity,
        s1_0.reserved,
        s1_0.updated_at 
    from
        stock s1_0 
    where
        s1_0.pro_variant_id=?
2026-04-11 14:35:23 [http-nio-8080-exec-3] DEBUG org.hibernate.SQL - 
    select
        p1_0.attr_id,
        p1_0.attr_def_id,
        p1_0.created_at,
        p1_0.attr_name,
        p1_0.price_adjustment,
        p1_0.product_id,
        p1_0.attr_value 
    from
        product_attributes p1_0 
    where
        p1_0.product_id=?
2026-04-11 14:35:23 [http-nio-8080-exec-3] DEBUG org.hibernate.SQL - 
    select
        p1_0.pro_variant_id,
        p1_0.color,
        p1_0.connect_type,
        p1_0.created_at,
        p1_0.keycap_set,
        p1_0.price_modifier,
        p1_0.product_id,
        p1_0.switch_type 
    from
        product_variants p1_0 
    where
        p1_0.product_id=?
2026-04-11 14:35:23 [http-nio-8080-exec-3] DEBUG org.hibernate.SQL - 
    select
        s1_0.pro_variant_id,
        s1_0.quantity,
        s1_0.reserved,
        s1_0.updated_at 
    from
        stock s1_0 
    where
        s1_0.pro_variant_id=?
2026-04-11 14:35:23 [http-nio-8080-exec-3] DEBUG org.hibernate.SQL - 
    select
        s1_0.pro_variant_id,
        s1_0.quantity,
        s1_0.reserved,
        s1_0.updated_at 
    from
        stock s1_0 
    where
        s1_0.pro_variant_id=?
2026-04-11 14:35:23 [http-nio-8080-exec-3] DEBUG org.hibernate.SQL - 
    select
        p1_0.attr_id,
        p1_0.attr_def_id,
        p1_0.created_at,
        p1_0.attr_name,
        p1_0.price_adjustment,
        p1_0.product_id,
        p1_0.attr_value 
    from
        product_attributes p1_0 
    where
        p1_0.product_id=?
2026-04-11 14:35:23 [http-nio-8080-exec-3] DEBUG org.hibernate.SQL - 
    select
        p1_0.pro_variant_id,
        p1_0.color,
        p1_0.connect_type,
        p1_0.created_at,
        p1_0.keycap_set,
        p1_0.price_modifier,
        p1_0.product_id,
        p1_0.switch_type 
    from
        product_variants p1_0 
    where
        p1_0.product_id=?
2026-04-11 14:35:23 [http-nio-8080-exec-3] DEBUG org.hibernate.SQL - 
    select
        s1_0.pro_variant_id,
        s1_0.quantity,
        s1_0.reserved,
        s1_0.updated_at 
    from
        stock s1_0 
    where
        s1_0.pro_variant_id=?
2026-04-11 14:35:23 [http-nio-8080-exec-3] DEBUG org.hibernate.SQL - 
    select
        s1_0.pro_variant_id,
        s1_0.quantity,
        s1_0.reserved,
        s1_0.updated_at 
    from
        stock s1_0 
    where
        s1_0.pro_variant_id=?
2026-04-11 14:35:23 [http-nio-8080-exec-3] DEBUG org.hibernate.SQL - 
    select
        p1_0.attr_id,
        p1_0.attr_def_id,
        p1_0.created_at,
        p1_0.attr_name,
        p1_0.price_adjustment,
        p1_0.product_id,
        p1_0.attr_value 
    from
        product_attributes p1_0 
    where
        p1_0.product_id=?
2026-04-11 14:35:23 [http-nio-8080-exec-3] DEBUG org.hibernate.SQL - 
    select
        p1_0.pro_variant_id,
        p1_0.color,
        p1_0.connect_type,
        p1_0.created_at,
        p1_0.keycap_set,
        p1_0.price_modifier,
        p1_0.product_id,
        p1_0.switch_type 
    from
        product_variants p1_0 
    where
        p1_0.product_id=?
2026-04-11 14:35:23 [http-nio-8080-exec-3] DEBUG org.hibernate.SQL - 
    select
        s1_0.pro_variant_id,
        s1_0.quantity,
        s1_0.reserved,
        s1_0.updated_at 
    from
        stock s1_0 
    where
        s1_0.pro_variant_id=?
2026-04-11 14:35:23 [http-nio-8080-exec-3] DEBUG org.hibernate.SQL - 
    select
        s1_0.pro_variant_id,
        s1_0.quantity,
        s1_0.reserved,
        s1_0.updated_at 
    from
        stock s1_0 
    where
        s1_0.pro_variant_id=?
2026-04-11 14:35:23 [http-nio-8080-exec-3] DEBUG org.hibernate.SQL - 
    select
        p1_0.attr_id,
        p1_0.attr_def_id,
        p1_0.created_at,
        p1_0.attr_name,
        p1_0.price_adjustment,
        p1_0.product_id,
        p1_0.attr_value 
    from
        product_attributes p1_0 
    where
        p1_0.product_id=?
2026-04-11 14:35:23 [http-nio-8080-exec-3] DEBUG org.hibernate.SQL - 
    select
        p1_0.pro_variant_id,
        p1_0.color,
        p1_0.connect_type,
        p1_0.created_at,
        p1_0.keycap_set,
        p1_0.price_modifier,
        p1_0.product_id,
        p1_0.switch_type 
    from
        product_variants p1_0 
    where
        p1_0.product_id=?
2026-04-11 14:35:23 [http-nio-8080-exec-3] DEBUG org.hibernate.SQL - 
    select
        s1_0.pro_variant_id,
        s1_0.quantity,
        s1_0.reserved,
        s1_0.updated_at 
    from
        stock s1_0 
    where
        s1_0.pro_variant_id=?
2026-04-11 14:35:23 [http-nio-8080-exec-3] DEBUG org.hibernate.SQL - 
    select
        s1_0.pro_variant_id,
        s1_0.quantity,
        s1_0.reserved,
        s1_0.updated_at 
    from
        stock s1_0 
    where
        s1_0.pro_variant_id=?
2026-04-11 14:35:23 [http-nio-8080-exec-3] DEBUG org.hibernate.SQL - 
    select
        p1_0.attr_id,
        p1_0.attr_def_id,
        p1_0.created_at,
        p1_0.attr_name,
        p1_0.price_adjustment,
        p1_0.product_id,
        p1_0.attr_value 
    from
        product_attributes p1_0 
    where
        p1_0.product_id=?
2026-04-11 14:35:23 [http-nio-8080-exec-3] DEBUG org.hibernate.SQL - 
    select
        p1_0.pro_variant_id,
        p1_0.color,
        p1_0.connect_type,
        p1_0.created_at,
        p1_0.keycap_set,
        p1_0.price_modifier,
        p1_0.product_id,
        p1_0.switch_type 
    from
        product_variants p1_0 
    where
        p1_0.product_id=?
2026-04-11 14:35:23 [http-nio-8080-exec-3] DEBUG org.hibernate.SQL - 
    select
        s1_0.pro_variant_id,
        s1_0.quantity,
        s1_0.reserved,
        s1_0.updated_at 
    from
        stock s1_0 
    where
        s1_0.pro_variant_id=?
2026-04-11 14:35:23 [http-nio-8080-exec-3] DEBUG org.hibernate.SQL - 
    select
        s1_0.pro_variant_id,
        s1_0.quantity,
        s1_0.reserved,
        s1_0.updated_at 
    from
        stock s1_0 
    where
        s1_0.pro_variant_id=?
2026-04-11 14:35:23 [http-nio-8080-exec-3] DEBUG org.hibernate.SQL - 
    select
        p1_0.attr_id,
        p1_0.attr_def_id,
        p1_0.created_at,
        p1_0.attr_name,
        p1_0.price_adjustment,
        p1_0.product_id,
        p1_0.attr_value 
    from
        product_attributes p1_0 
    where
        p1_0.product_id=?
2026-04-11 14:35:23 [http-nio-8080-exec-3] DEBUG org.hibernate.SQL - 
    select
        p1_0.pro_variant_id,
        p1_0.color,
        p1_0.connect_type,
        p1_0.created_at,
        p1_0.keycap_set,
        p1_0.price_modifier,
        p1_0.product_id,
        p1_0.switch_type 
    from
        product_variants p1_0 
    where
        p1_0.product_id=?
2026-04-11 14:35:23 [http-nio-8080-exec-3] DEBUG org.hibernate.SQL - 
    select
        s1_0.pro_variant_id,
        s1_0.quantity,
        s1_0.reserved,
        s1_0.updated_at 
    from
        stock s1_0 
    where
        s1_0.pro_variant_id=?
2026-04-11 14:35:23 [http-nio-8080-exec-3] DEBUG org.hibernate.SQL - 
    select
        s1_0.pro_variant_id,
        s1_0.quantity,
        s1_0.reserved,
        s1_0.updated_at 
    from
        stock s1_0 
    where
        s1_0.pro_variant_id=?
2026-04-11 14:35:23 [http-nio-8080-exec-3] DEBUG org.hibernate.SQL - 
    select
        p1_0.attr_id,
        p1_0.attr_def_id,
        p1_0.created_at,
        p1_0.attr_name,
        p1_0.price_adjustment,
        p1_0.product_id,
        p1_0.attr_value 
    from
        product_attributes p1_0 
    where
        p1_0.product_id=?
2026-04-11 14:35:23 [http-nio-8080-exec-3] DEBUG org.hibernate.SQL - 
    select
        p1_0.pro_variant_id,
        p1_0.color,
        p1_0.connect_type,
        p1_0.created_at,
        p1_0.keycap_set,
        p1_0.price_modifier,
        p1_0.product_id,
        p1_0.switch_type 
    from
        product_variants p1_0 
    where
        p1_0.product_id=?
2026-04-11 14:35:23 [http-nio-8080-exec-3] DEBUG org.hibernate.SQL - 
    select
        s1_0.pro_variant_id,
        s1_0.quantity,
        s1_0.reserved,
        s1_0.updated_at 
    from
        stock s1_0 
    where
        s1_0.pro_variant_id=?
2026-04-11 14:35:23 [http-nio-8080-exec-3] DEBUG org.hibernate.SQL - 
    select
        s1_0.pro_variant_id,
        s1_0.quantity,
        s1_0.reserved,
        s1_0.updated_at 
    from
        stock s1_0 
    where
        s1_0.pro_variant_id=?
2026-04-11 14:35:24 [http-nio-8080-exec-3] DEBUG org.hibernate.SQL - 
    select
        p1_0.attr_id,
        p1_0.attr_def_id,
        p1_0.created_at,
        p1_0.attr_name,
        p1_0.price_adjustment,
        p1_0.product_id,
        p1_0.attr_value 
    from
        product_attributes p1_0 
    where
        p1_0.product_id=?
2026-04-11 14:35:24 [http-nio-8080-exec-3] DEBUG org.hibernate.SQL - 
    select
        p1_0.pro_variant_id,
        p1_0.color,
        p1_0.connect_type,
        p1_0.created_at,
        p1_0.keycap_set,
        p1_0.price_modifier,
        p1_0.product_id,
        p1_0.switch_type 
    from
        product_variants p1_0 
    where
        p1_0.product_id=?
2026-04-11 14:35:24 [http-nio-8080-exec-3] DEBUG org.hibernate.SQL - 
    select
        s1_0.pro_variant_id,
        s1_0.quantity,
        s1_0.reserved,
        s1_0.updated_at 
    from
        stock s1_0 
    where
        s1_0.pro_variant_id=?
2026-04-11 14:35:24 [http-nio-8080-exec-3] DEBUG org.hibernate.SQL - 
    select
        s1_0.pro_variant_id,
        s1_0.quantity,
        s1_0.reserved,
        s1_0.updated_at 
    from
        stock s1_0 
    where
        s1_0.pro_variant_id=?
2026-04-11 14:35:24 [http-nio-8080-exec-3] DEBUG org.hibernate.SQL - 
    select
        p1_0.attr_id,
        p1_0.attr_def_id,
        p1_0.created_at,
        p1_0.attr_name,
        p1_0.price_adjustment,
        p1_0.product_id,
        p1_0.attr_value 
    from
        product_attributes p1_0 
    where
        p1_0.product_id=?
2026-04-11 14:35:24 [http-nio-8080-exec-3] DEBUG org.hibernate.SQL - 
    select
        p1_0.pro_variant_id,
        p1_0.color,
        p1_0.connect_type,
        p1_0.created_at,
        p1_0.keycap_set,
        p1_0.price_modifier,
        p1_0.product_id,
        p1_0.switch_type 
    from
        product_variants p1_0 
    where
        p1_0.product_id=?
2026-04-11 14:35:24 [http-nio-8080-exec-3] DEBUG org.hibernate.SQL - 
    select
        s1_0.pro_variant_id,
        s1_0.quantity,
        s1_0.reserved,
        s1_0.updated_at 
    from
        stock s1_0 
    where
        s1_0.pro_variant_id=?
2026-04-11 14:35:24 [http-nio-8080-exec-3] DEBUG org.hibernate.SQL - 
    select
        s1_0.pro_variant_id,
        s1_0.quantity,
        s1_0.reserved,
        s1_0.updated_at 
    from
        stock s1_0 
    where
        s1_0.pro_variant_id=?
2026-04-11 14:35:24 [http-nio-8080-exec-3] DEBUG org.hibernate.SQL - 
    select
        p1_0.attr_id,
        p1_0.attr_def_id,
        p1_0.created_at,
        p1_0.attr_name,
        p1_0.price_adjustment,
        p1_0.product_id,
        p1_0.attr_value 
    from
        product_attributes p1_0 
    where
        p1_0.product_id=?
2026-04-11 14:35:24 [http-nio-8080-exec-3] DEBUG org.hibernate.SQL - 
    select
        p1_0.pro_variant_id,
        p1_0.color,
        p1_0.connect_type,
        p1_0.created_at,
        p1_0.keycap_set,
        p1_0.price_modifier,
        p1_0.product_id,
        p1_0.switch_type 
    from
        product_variants p1_0 
    where
        p1_0.product_id=?
2026-04-11 14:35:24 [http-nio-8080-exec-3] DEBUG org.hibernate.SQL - 
    select
        s1_0.pro_variant_id,
        s1_0.quantity,
        s1_0.reserved,
        s1_0.updated_at 
    from
        stock s1_0 
    where
        s1_0.pro_variant_id=?
2026-04-11 14:35:24 [http-nio-8080-exec-3] DEBUG org.hibernate.SQL - 
    select
        s1_0.pro_variant_id,
        s1_0.quantity,
        s1_0.reserved,
        s1_0.updated_at 
    from
        stock s1_0 
    where
        s1_0.pro_variant_id=?
2026-04-11 14:35:24 [http-nio-8080-exec-3] DEBUG org.hibernate.SQL - 
    select
        p1_0.attr_id,
        p1_0.attr_def_id,
        p1_0.created_at,
        p1_0.attr_name,
        p1_0.price_adjustment,
        p1_0.product_id,
        p1_0.attr_value 
    from
        product_attributes p1_0 
    where
        p1_0.product_id=?
2026-04-11 14:35:24 [http-nio-8080-exec-3] DEBUG org.hibernate.SQL - 
    select
        p1_0.pro_variant_id,
        p1_0.color,
        p1_0.connect_type,
        p1_0.created_at,
        p1_0.keycap_set,
        p1_0.price_modifier,
        p1_0.product_id,
        p1_0.switch_type 
    from
        product_variants p1_0 
    where
        p1_0.product_id=?
2026-04-11 14:35:24 [http-nio-8080-exec-3] DEBUG org.hibernate.SQL - 
    select
        s1_0.pro_variant_id,
        s1_0.quantity,
        s1_0.reserved,
        s1_0.updated_at 
    from
        stock s1_0 
    where
        s1_0.pro_variant_id=?
2026-04-11 14:35:24 [http-nio-8080-exec-3] DEBUG org.hibernate.SQL - 
    select
        p1_0.attr_id,
        p1_0.attr_def_id,
        p1_0.created_at,
        p1_0.attr_name,
        p1_0.price_adjustment,
        p1_0.product_id,
        p1_0.attr_value 
    from
        product_attributes p1_0 
    where
        p1_0.product_id=?
2026-04-11 14:35:24 [http-nio-8080-exec-3] DEBUG org.hibernate.SQL - 
    select
        p1_0.pro_variant_id,
        p1_0.color,
        p1_0.connect_type,
        p1_0.created_at,
        p1_0.keycap_set,
        p1_0.price_modifier,
        p1_0.product_id,
        p1_0.switch_type 
    from
        product_variants p1_0 
    where
        p1_0.product_id=?
2026-04-11 14:35:24 [http-nio-8080-exec-3] DEBUG org.hibernate.SQL - 
    select
        p1_0.attr_id,
        p1_0.attr_def_id,
        p1_0.created_at,
        p1_0.attr_name,
        p1_0.price_adjustment,
        p1_0.product_id,
        p1_0.attr_value 
    from
        product_attributes p1_0 
    where
        p1_0.product_id=?
2026-04-11 14:35:24 [http-nio-8080-exec-3] DEBUG org.hibernate.SQL - 
    select
        p1_0.pro_variant_id,
        p1_0.color,
        p1_0.connect_type,
        p1_0.created_at,
        p1_0.keycap_set,
        p1_0.price_modifier,
        p1_0.product_id,
        p1_0.switch_type 
    from
        product_variants p1_0 
    where
        p1_0.product_id=?
2026-04-11 14:35:24 [http-nio-8080-exec-3] DEBUG org.hibernate.SQL - 
    select
        p1_0.attr_id,
        p1_0.attr_def_id,
        p1_0.created_at,
        p1_0.attr_name,
        p1_0.price_adjustment,
        p1_0.product_id,
        p1_0.attr_value 
    from
        product_attributes p1_0 
    where
        p1_0.product_id=?
2026-04-11 14:35:24 [http-nio-8080-exec-3] DEBUG org.hibernate.SQL - 
    select
        p1_0.pro_variant_id,
        p1_0.color,
        p1_0.connect_type,
        p1_0.created_at,
        p1_0.keycap_set,
        p1_0.price_modifier,
        p1_0.product_id,
        p1_0.switch_type 
    from
        product_variants p1_0 
    where
        p1_0.product_id=?
2026-04-11 14:35:24 [http-nio-8080-exec-3] DEBUG org.hibernate.SQL - 
    select
        p1_0.attr_id,
        p1_0.attr_def_id,
        p1_0.created_at,
        p1_0.attr_name,
        p1_0.price_adjustment,
        p1_0.product_id,
        p1_0.attr_value 
    from
        product_attributes p1_0 
    where
        p1_0.product_id=?
2026-04-11 14:35:24 [http-nio-8080-exec-3] DEBUG org.hibernate.SQL - 
    select
        p1_0.pro_variant_id,
        p1_0.color,
        p1_0.connect_type,
        p1_0.created_at,
        p1_0.keycap_set,
        p1_0.price_modifier,
        p1_0.product_id,
        p1_0.switch_type 
    from
        product_variants p1_0 
    where
        p1_0.product_id=?
2026-04-11 14:35:24 [http-nio-8080-exec-3] DEBUG org.hibernate.SQL - 
    select
        p1_0.attr_id,
        p1_0.attr_def_id,
        p1_0.created_at,
        p1_0.attr_name,
        p1_0.price_adjustment,
        p1_0.product_id,
        p1_0.attr_value 
    from
        product_attributes p1_0 
    where
        p1_0.product_id=?
2026-04-11 14:35:24 [http-nio-8080-exec-3] DEBUG org.hibernate.SQL - 
    select
        p1_0.pro_variant_id,
        p1_0.color,
        p1_0.connect_type,
        p1_0.created_at,
        p1_0.keycap_set,
        p1_0.price_modifier,
        p1_0.product_id,
        p1_0.switch_type 
    from
        product_variants p1_0 
    where
        p1_0.product_id=?
2026-04-11 14:35:24 [http-nio-8080-exec-3] DEBUG org.hibernate.SQL - 
    select
        p1_0.attr_id,
        p1_0.attr_def_id,
        p1_0.created_at,
        p1_0.attr_name,
        p1_0.price_adjustment,
        p1_0.product_id,
        p1_0.attr_value 
    from
        product_attributes p1_0 
    where
        p1_0.product_id=?
2026-04-11 14:35:24 [http-nio-8080-exec-3] DEBUG org.hibernate.SQL - 
    select
        p1_0.pro_variant_id,
        p1_0.color,
        p1_0.connect_type,
        p1_0.created_at,
        p1_0.keycap_set,
        p1_0.price_modifier,
        p1_0.product_id,
        p1_0.switch_type 
    from
        product_variants p1_0 
    where
        p1_0.product_id=?
2026-04-11 14:35:24 [http-nio-8080-exec-3] DEBUG org.hibernate.SQL - 
    select
        p1_0.attr_id,
        p1_0.attr_def_id,
        p1_0.created_at,
        p1_0.attr_name,
        p1_0.price_adjustment,
        p1_0.product_id,
        p1_0.attr_value 
    from
        product_attributes p1_0 
    where
        p1_0.product_id=?
2026-04-11 14:35:24 [http-nio-8080-exec-3] DEBUG org.hibernate.SQL - 
    select
        p1_0.pro_variant_id,
        p1_0.color,
        p1_0.connect_type,
        p1_0.created_at,
        p1_0.keycap_set,
        p1_0.price_modifier,
        p1_0.product_id,
        p1_0.switch_type 
    from
        product_variants p1_0 
    where
        p1_0.product_id=?
2026-04-11 14:35:24 [http-nio-8080-exec-3] DEBUG org.hibernate.SQL - 
    select
        p1_0.attr_id,
        p1_0.attr_def_id,
        p1_0.created_at,
        p1_0.attr_name,
        p1_0.price_adjustment,
        p1_0.product_id,
        p1_0.attr_value 
    from
        product_attributes p1_0 
    where
        p1_0.product_id=?
2026-04-11 14:35:24 [http-nio-8080-exec-3] DEBUG org.hibernate.SQL - 
    select
        p1_0.pro_variant_id,
        p1_0.color,
        p1_0.connect_type,
        p1_0.created_at,
        p1_0.keycap_set,
        p1_0.price_modifier,
        p1_0.product_id,
        p1_0.switch_type 
    from
        product_variants p1_0 
    where
        p1_0.product_id=?
2026-04-11 14:35:24 [http-nio-8080-exec-3] DEBUG org.hibernate.SQL - 
    select
        p1_0.attr_id,
        p1_0.attr_def_id,
        p1_0.created_at,
        p1_0.attr_name,
        p1_0.price_adjustment,
        p1_0.product_id,
        p1_0.attr_value 
    from
        product_attributes p1_0 
    where
        p1_0.product_id=?
2026-04-11 14:35:24 [http-nio-8080-exec-3] DEBUG org.hibernate.SQL - 
    select
        p1_0.pro_variant_id,
        p1_0.color,
        p1_0.connect_type,
        p1_0.created_at,
        p1_0.keycap_set,
        p1_0.price_modifier,
        p1_0.product_id,
        p1_0.switch_type 
    from
        product_variants p1_0 
    where
        p1_0.product_id=?
2026-04-11 14:35:24 [http-nio-8080-exec-3] DEBUG org.hibernate.SQL - 
    select
        p1_0.attr_id,
        p1_0.attr_def_id,
        p1_0.created_at,
        p1_0.attr_name,
        p1_0.price_adjustment,
        p1_0.product_id,
        p1_0.attr_value 
    from
        product_attributes p1_0 
    where
        p1_0.product_id=?
2026-04-11 14:35:24 [http-nio-8080-exec-3] DEBUG org.hibernate.SQL - 
    select
        p1_0.pro_variant_id,
        p1_0.color,
        p1_0.connect_type,
        p1_0.created_at,
        p1_0.keycap_set,
        p1_0.price_modifier,
        p1_0.product_id,
        p1_0.switch_type 
    from
        product_variants p1_0 
    where
        p1_0.product_id=?
2026-04-11 14:35:24 [http-nio-8080-exec-3] DEBUG org.hibernate.SQL - 
    select
        p1_0.attr_id,
        p1_0.attr_def_id,
        p1_0.created_at,
        p1_0.attr_name,
        p1_0.price_adjustment,
        p1_0.product_id,
        p1_0.attr_value 
    from
        product_attributes p1_0 
    where
        p1_0.product_id=?
2026-04-11 14:35:24 [http-nio-8080-exec-3] DEBUG org.hibernate.SQL - 
    select
        p1_0.pro_variant_id,
        p1_0.color,
        p1_0.connect_type,
        p1_0.created_at,
        p1_0.keycap_set,
        p1_0.price_modifier,
        p1_0.product_id,
        p1_0.switch_type 
    from
        product_variants p1_0 
    where
        p1_0.product_id=?
2026-04-11 14:35:24 [http-nio-8080-exec-3] DEBUG org.hibernate.SQL - 
    select
        p1_0.attr_id,
        p1_0.attr_def_id,
        p1_0.created_at,
        p1_0.attr_name,
        p1_0.price_adjustment,
        p1_0.product_id,
        p1_0.attr_value 
    from
        product_attributes p1_0 
    where
        p1_0.product_id=?
2026-04-11 14:35:24 [http-nio-8080-exec-3] DEBUG org.hibernate.SQL - 
    select
        p1_0.pro_variant_id,
        p1_0.color,
        p1_0.connect_type,
        p1_0.created_at,
        p1_0.keycap_set,
        p1_0.price_modifier,
        p1_0.product_id,
        p1_0.switch_type 
    from
        product_variants p1_0 
    where
        p1_0.product_id=?
2026-04-11 14:35:24 [http-nio-8080-exec-3] DEBUG org.hibernate.SQL - 
    select
        p1_0.attr_id,
        p1_0.attr_def_id,
        p1_0.created_at,
        p1_0.attr_name,
        p1_0.price_adjustment,
        p1_0.product_id,
        p1_0.attr_value 
    from
        product_attributes p1_0 
    where
        p1_0.product_id=?
2026-04-11 14:35:24 [http-nio-8080-exec-3] DEBUG org.hibernate.SQL - 
    select
        p1_0.pro_variant_id,
        p1_0.color,
        p1_0.connect_type,
        p1_0.created_at,
        p1_0.keycap_set,
        p1_0.price_modifier,
        p1_0.product_id,
        p1_0.switch_type 
    from
        product_variants p1_0 
    where
        p1_0.product_id=?
2026-04-11 14:35:24 [http-nio-8080-exec-3] DEBUG org.hibernate.SQL - 
    select
        p1_0.attr_id,
        p1_0.attr_def_id,
        p1_0.created_at,
        p1_0.attr_name,
        p1_0.price_adjustment,
        p1_0.product_id,
        p1_0.attr_value 
    from
        product_attributes p1_0 
    where
        p1_0.product_id=?
2026-04-11 14:35:24 [http-nio-8080-exec-3] DEBUG org.hibernate.SQL - 
    select
        p1_0.pro_variant_id,
        p1_0.color,
        p1_0.connect_type,
        p1_0.created_at,
        p1_0.keycap_set,
        p1_0.price_modifier,
        p1_0.product_id,
        p1_0.switch_type 
    from
        product_variants p1_0 
    where
        p1_0.product_id=?
2026-04-11 14:35:24 [http-nio-8080-exec-3] DEBUG org.hibernate.SQL - 
    select
        p1_0.attr_id,
        p1_0.attr_def_id,
        p1_0.created_at,
        p1_0.attr_name,
        p1_0.price_adjustment,
        p1_0.product_id,
        p1_0.attr_value 
    from
        product_attributes p1_0 
    where
        p1_0.product_id=?
2026-04-11 14:35:24 [http-nio-8080-exec-3] DEBUG org.hibernate.SQL - 
    select
        p1_0.pro_variant_id,
        p1_0.color,
        p1_0.connect_type,
        p1_0.created_at,
        p1_0.keycap_set,
        p1_0.price_modifier,
        p1_0.product_id,
        p1_0.switch_type 
    from
        product_variants p1_0 
    where
        p1_0.product_id=?
2026-04-11 14:35:24 [http-nio-8080-exec-3] DEBUG org.hibernate.SQL - 
    select
        p1_0.attr_id,
        p1_0.attr_def_id,
        p1_0.created_at,
        p1_0.attr_name,
        p1_0.price_adjustment,
        p1_0.product_id,
        p1_0.attr_value 
    from
        product_attributes p1_0 
    where
        p1_0.product_id=?
2026-04-11 14:35:24 [http-nio-8080-exec-3] DEBUG o.s.w.s.m.m.a.HttpEntityMethodProcessor - Using 'application/json', given [*/*] and supported [application/json, application/*+json]
2026-04-11 14:35:24 [http-nio-8080-exec-3] DEBUG o.s.w.s.m.m.a.HttpEntityMethodProcessor - Writing [Page 1 of 1 containing com.gearflow.dto.ProductDTO instances]
2026-04-11 14:35:24 [http-nio-8080-exec-3] DEBUG o.s.web.servlet.DispatcherServlet - Completed 200 OK
2026-04-11 14:35:24 [http-nio-8080-exec-1] DEBUG c.gearflow.service.JwtTokenService - Validating JWT token from database
2026-04-11 14:35:24 [http-nio-8080-exec-1] DEBUG org.hibernate.SQL - 
    select
        j1_0.token_id,
        j1_0.created_at,
        j1_0.expires_at,
        j1_0.last_used_at,
        j1_0.revoked_at,
        j1_0.status,
        j1_0.token,
        j1_0.token_type,
        j1_0.user_id 
    from
        jwt_tokens j1_0 
    where
        j1_0.token=?
2026-04-11 14:35:24 [http-nio-8080-exec-1] DEBUG org.hibernate.SQL - 
    select
        j1_0.token_id,
        j1_0.created_at,
        j1_0.expires_at,
        j1_0.last_used_at,
        j1_0.revoked_at,
        j1_0.status,
        j1_0.token,
        j1_0.token_type,
        j1_0.user_id 
    from
        jwt_tokens j1_0 
    where
        j1_0.token_id=?
2026-04-11 14:35:24 [http-nio-8080-exec-1] DEBUG org.hibernate.SQL - 
    update
        jwt_tokens 
    set
        expires_at=?,
        last_used_at=?,
        revoked_at=?,
        status=?,
        token=?,
        token_type=?,
        user_id=? 
    where
        token_id=?
2026-04-11 14:35:24 [http-nio-8080-exec-1] DEBUG org.hibernate.SQL - 
    select
        u1_0.user_id,
        u1_0.address,
        u1_0.created_at,
        u1_0.image_url,
        u1_0.password,
        u1_0.phone,
        u1_0.role,
        u1_0.updated_at,
        u1_0.user_name 
    from
        users u1_0 
    where
        u1_0.user_id=?
2026-04-11 14:35:24 [http-nio-8080-exec-1] DEBUG o.s.web.servlet.DispatcherServlet - GET "/api/wishlist", parameters={}
2026-04-11 14:35:24 [http-nio-8080-exec-1] DEBUG o.s.w.s.m.m.a.RequestMappingHandlerMapping - Mapped to com.gearflow.controller.WishlistController#getWishlist()
2026-04-11 14:35:24 [http-nio-8080-exec-1] INFO  c.g.controller.WishlistController - GET /api/wishlist
2026-04-11 14:35:24 [http-nio-8080-exec-1] DEBUG org.hibernate.SQL - 
    select
        w1_0.wishlist_id,
        w1_0.created_at,
        w1_0.product_id,
        w1_0.user_id 
    from
        wishlists w1_0 
    where
        w1_0.user_id=?
2026-04-11 14:35:24 [http-nio-8080-exec-1] INFO  com.gearflow.service.ProductService - Fetching product with id: prod-001
2026-04-11 14:35:24 [http-nio-8080-exec-1] DEBUG org.hibernate.SQL - 
    select
        p1_0.product_id,
        p1_0.base_price,
        p1_0.brands_id,
        p1_0.categories_id,
        p1_0.created_at,
        p1_0.description,
        p1_0.image,
        p1_0.product_name,
        p1_0.support,
        p1_0.updated_at 
    from
        products p1_0 
    where
        p1_0.product_id=?
2026-04-11 14:35:24 [http-nio-8080-exec-1] DEBUG org.hibernate.SQL - 
    select
        p1_0.pro_variant_id,
        p1_0.color,
        p1_0.connect_type,
        p1_0.created_at,
        p1_0.keycap_set,
        p1_0.price_modifier,
        p1_0.product_id,
        p1_0.switch_type 
    from
        product_variants p1_0 
    where
        p1_0.product_id=?
2026-04-11 14:35:24 [http-nio-8080-exec-1] DEBUG org.hibernate.SQL - 
    select
        s1_0.pro_variant_id,
        s1_0.quantity,
        s1_0.reserved,
        s1_0.updated_at 
    from
        stock s1_0 
    where
        s1_0.pro_variant_id=?
2026-04-11 14:35:24 [http-nio-8080-exec-1] DEBUG org.hibernate.SQL - 
    select
        s1_0.pro_variant_id,
        s1_0.quantity,
        s1_0.reserved,
        s1_0.updated_at 
    from
        stock s1_0 
    where
        s1_0.pro_variant_id=?
2026-04-11 14:35:24 [http-nio-8080-exec-1] DEBUG org.hibernate.SQL - 
    select
        s1_0.pro_variant_id,
        s1_0.quantity,
        s1_0.reserved,
        s1_0.updated_at 
    from
        stock s1_0 
    where
        s1_0.pro_variant_id=?
2026-04-11 14:35:24 [http-nio-8080-exec-1] DEBUG org.hibernate.SQL - 
    select
        s1_0.pro_variant_id,
        s1_0.quantity,
        s1_0.reserved,
        s1_0.updated_at 
    from
        stock s1_0 
    where
        s1_0.pro_variant_id=?
2026-04-11 14:35:24 [http-nio-8080-exec-1] DEBUG org.hibernate.SQL - 
    select
        p1_0.attr_id,
        p1_0.attr_def_id,
        p1_0.created_at,
        p1_0.attr_name,
        p1_0.price_adjustment,
        p1_0.product_id,
        p1_0.attr_value 
    from
        product_attributes p1_0 
    where
        p1_0.product_id=?
2026-04-11 14:35:24 [http-nio-8080-exec-1] INFO  com.gearflow.service.ProductService - Fetching product with id: prod-002
2026-04-11 14:35:24 [http-nio-8080-exec-1] DEBUG org.hibernate.SQL - 
    select
        p1_0.product_id,
        p1_0.base_price,
        p1_0.brands_id,
        p1_0.categories_id,
        p1_0.created_at,
        p1_0.description,
        p1_0.image,
        p1_0.product_name,
        p1_0.support,
        p1_0.updated_at 
    from
        products p1_0 
    where
        p1_0.product_id=?
2026-04-11 14:35:24 [http-nio-8080-exec-1] DEBUG org.hibernate.SQL - 
    select
        p1_0.pro_variant_id,
        p1_0.color,
        p1_0.connect_type,
        p1_0.created_at,
        p1_0.keycap_set,
        p1_0.price_modifier,
        p1_0.product_id,
        p1_0.switch_type 
    from
        product_variants p1_0 
    where
        p1_0.product_id=?
2026-04-11 14:35:24 [http-nio-8080-exec-1] DEBUG org.hibernate.SQL - 
    select
        s1_0.pro_variant_id,
        s1_0.quantity,
        s1_0.reserved,
        s1_0.updated_at 
    from
        stock s1_0 
    where
        s1_0.pro_variant_id=?
2026-04-11 14:35:24 [http-nio-8080-exec-1] DEBUG org.hibernate.SQL - 
    select
        s1_0.pro_variant_id,
        s1_0.quantity,
        s1_0.reserved,
        s1_0.updated_at 
    from
        stock s1_0 
    where
        s1_0.pro_variant_id=?
2026-04-11 14:35:24 [http-nio-8080-exec-1] DEBUG org.hibernate.SQL - 
    select
        s1_0.pro_variant_id,
        s1_0.quantity,
        s1_0.reserved,
        s1_0.updated_at 
    from
        stock s1_0 
    where
        s1_0.pro_variant_id=?
2026-04-11 14:35:24 [http-nio-8080-exec-1] DEBUG org.hibernate.SQL - 
    select
        p1_0.attr_id,
        p1_0.attr_def_id,
        p1_0.created_at,
        p1_0.attr_name,
        p1_0.price_adjustment,
        p1_0.product_id,
        p1_0.attr_value 
    from
        product_attributes p1_0 
    where
        p1_0.product_id=?
2026-04-11 14:35:24 [http-nio-8080-exec-1] DEBUG o.s.w.s.m.m.a.HttpEntityMethodProcessor - Using 'application/json', given [*/*] and supported [application/json, application/*+json]
2026-04-11 14:35:24 [http-nio-8080-exec-1] DEBUG o.s.w.s.m.m.a.HttpEntityMethodProcessor - Writing [[WishlistDTO(id=f8a823f1-f74a-4ad4-b140-0ded1f418e57, userId=e6031b54-4cdf-42c2-8d5f-ac0696c64a15, p (truncated)...]
2026-04-11 14:35:24 [http-nio-8080-exec-1] DEBUG o.s.web.servlet.DispatcherServlet - Completed 200 OK
2026-04-11 14:36:04 [http-nio-8080-exec-2] DEBUG o.s.web.servlet.DispatcherServlet - GET "/api/products/prod-001", parameters={}
2026-04-11 14:36:04 [http-nio-8080-exec-2] DEBUG o.s.w.s.m.m.a.RequestMappingHandlerMapping - Mapped to com.gearflow.controller.ProductController#getProductById(String)
2026-04-11 14:36:04 [http-nio-8080-exec-2] DEBUG o.s.w.s.m.m.a.HttpEntityMethodProcessor - Using 'application/json', given [*/*] and supported [application/json, application/*+json]
2026-04-11 14:36:04 [http-nio-8080-exec-2] DEBUG o.s.w.s.m.m.a.HttpEntityMethodProcessor - Writing [ProductDTO(id=prod-001, name=Keychron K2 V2, description=Compact 75% wireless mechanical keyboard wi (truncated)...]
2026-04-11 14:36:04 [http-nio-8080-exec-2] DEBUG o.s.web.servlet.DispatcherServlet - Completed 200 OK
2026-04-11 14:36:04 [http-nio-8080-exec-3] DEBUG o.s.web.servlet.DispatcherServlet - GET "/api/products/latest?limit=6", parameters={masked}
2026-04-11 14:36:04 [http-nio-8080-exec-9] DEBUG o.s.web.servlet.DispatcherServlet - GET "/api/products/prod-001/related?limit=6", parameters={masked}
2026-04-11 14:36:04 [http-nio-8080-exec-4] DEBUG o.s.web.servlet.DispatcherServlet - GET "/api/products/best-selling?limit=6", parameters={masked}
2026-04-11 14:36:04 [http-nio-8080-exec-4] DEBUG o.s.w.s.m.m.a.RequestMappingHandlerMapping - Mapped to com.gearflow.controller.ProductController#getBestSellingProducts(int)
2026-04-11 14:36:04 [http-nio-8080-exec-3] DEBUG o.s.w.s.m.m.a.RequestMappingHandlerMapping - Mapped to com.gearflow.controller.ProductController#getLatestProducts(int)
2026-04-11 14:36:04 [http-nio-8080-exec-9] DEBUG o.s.w.s.m.m.a.RequestMappingHandlerMapping - Mapped to com.gearflow.controller.ProductController#getRelatedProducts(String, int)
2026-04-11 14:36:04 [http-nio-8080-exec-3] DEBUG o.s.w.s.m.m.a.ExceptionHandlerExceptionResolver - Using @ExceptionHandler com.gearflow.exception.GlobalExceptionHandler#handleIllegalArgument(IllegalArgumentException, WebRequest)
2026-04-11 14:36:04 [http-nio-8080-exec-9] DEBUG o.s.w.s.m.m.a.ExceptionHandlerExceptionResolver - Using @ExceptionHandler com.gearflow.exception.GlobalExceptionHandler#handleIllegalArgument(IllegalArgumentException, WebRequest)
2026-04-11 14:36:04 [http-nio-8080-exec-4] DEBUG o.s.w.s.m.m.a.ExceptionHandlerExceptionResolver - Using @ExceptionHandler com.gearflow.exception.GlobalExceptionHandler#handleIllegalArgument(IllegalArgumentException, WebRequest)
2026-04-11 14:36:04 [http-nio-8080-exec-4] DEBUG o.s.w.s.m.m.a.HttpEntityMethodProcessor - Using 'application/json', given [*/*] and supported [application/json, application/*+json]
2026-04-11 14:36:04 [http-nio-8080-exec-3] DEBUG o.s.w.s.m.m.a.HttpEntityMethodProcessor - Using 'application/json', given [*/*] and supported [application/json, application/*+json]
2026-04-11 14:36:04 [http-nio-8080-exec-9] DEBUG o.s.w.s.m.m.a.HttpEntityMethodProcessor - Using 'application/json', given [*/*] and supported [application/json, application/*+json]
2026-04-11 14:36:04 [http-nio-8080-exec-3] DEBUG o.s.w.s.m.m.a.HttpEntityMethodProcessor - Writing [ErrorResponse(status=400, message=Cannot find cache named 'latest_products' for Builder[public java. (truncated)...]
2026-04-11 14:36:04 [http-nio-8080-exec-4] DEBUG o.s.w.s.m.m.a.HttpEntityMethodProcessor - Writing [ErrorResponse(status=400, message=Cannot find cache named 'best_selling_products' for Builder[public (truncated)...]
2026-04-11 14:36:04 [http-nio-8080-exec-9] DEBUG o.s.w.s.m.m.a.HttpEntityMethodProcessor - Writing [ErrorResponse(status=400, message=Cannot find cache named 'related_products' for Builder[public java (truncated)...]
2026-04-11 14:36:04 [http-nio-8080-exec-4] WARN  o.s.w.s.m.m.a.ExceptionHandlerExceptionResolver - Resolved [java.lang.IllegalArgumentException: Cannot find cache named 'best_selling_products' for Builder[public java.util.List com.gearflow.service.ProductService.getBestSellingProducts(int)] caches=[best_selling_products] | key='#limit' | keyGenerator='' | cacheManager='' | cacheResolver='' | condition='' | unless='' | sync='false']
2026-04-11 14:36:04 [http-nio-8080-exec-9] WARN  o.s.w.s.m.m.a.ExceptionHandlerExceptionResolver - Resolved [java.lang.IllegalArgumentException: Cannot find cache named 'related_products' for Builder[public java.util.List com.gearflow.service.ProductService.getRelatedProducts(java.lang.String,int)] caches=[related_products] | key='#productId + '-' + #limit' | keyGenerator='' | cacheManager='' | cacheResolver='' | condition='' | unless='' | sync='false']
2026-04-11 14:36:04 [http-nio-8080-exec-9] DEBUG o.s.web.servlet.DispatcherServlet - Completed 400 BAD_REQUEST
2026-04-11 14:36:04 [http-nio-8080-exec-4] DEBUG o.s.web.servlet.DispatcherServlet - Completed 400 BAD_REQUEST
2026-04-11 14:36:04 [http-nio-8080-exec-3] WARN  o.s.w.s.m.m.a.ExceptionHandlerExceptionResolver - Resolved [java.lang.IllegalArgumentException: Cannot find cache named 'latest_products' for Builder[public java.util.List com.gearflow.service.ProductService.getLatestProducts(int)] caches=[latest_products] | key='#limit' | keyGenerator='' | cacheManager='' | cacheResolver='' | condition='' | unless='' | sync='false']
2026-04-11 14:36:04 [http-nio-8080-exec-3] DEBUG o.s.web.servlet.DispatcherServlet - Completed 400 BAD_REQUEST
2026-04-11 14:36:04 [http-nio-8080-exec-1] DEBUG c.gearflow.service.JwtTokenService - Validating JWT token from database
2026-04-11 14:36:04 [http-nio-8080-exec-1] DEBUG org.hibernate.SQL - 
    select
        j1_0.token_id,
        j1_0.created_at,
        j1_0.expires_at,
        j1_0.last_used_at,
        j1_0.revoked_at,
        j1_0.status,
        j1_0.token,
        j1_0.token_type,
        j1_0.user_id 
    from
        jwt_tokens j1_0 
    where
        j1_0.token=?
2026-04-11 14:36:05 [http-nio-8080-exec-1] DEBUG org.hibernate.SQL - 
    select
        j1_0.token_id,
        j1_0.created_at,
        j1_0.expires_at,
        j1_0.last_used_at,
        j1_0.revoked_at,
        j1_0.status,
        j1_0.token,
        j1_0.token_type,
        j1_0.user_id 
    from
        jwt_tokens j1_0 
    where
        j1_0.token_id=?
2026-04-11 14:36:05 [http-nio-8080-exec-1] DEBUG org.hibernate.SQL - 
    update
        jwt_tokens 
    set
        expires_at=?,
        last_used_at=?,
        revoked_at=?,
        status=?,
        token=?,
        token_type=?,
        user_id=? 
    where
        token_id=?
2026-04-11 14:36:05 [http-nio-8080-exec-1] DEBUG org.hibernate.SQL - 
    select
        u1_0.user_id,
        u1_0.address,
        u1_0.created_at,
        u1_0.image_url,
        u1_0.password,
        u1_0.phone,
        u1_0.role,
        u1_0.updated_at,
        u1_0.user_name 
    from
        users u1_0 
    where
        u1_0.user_id=?
2026-04-11 14:36:05 [http-nio-8080-exec-1] DEBUG o.s.web.servlet.DispatcherServlet - GET "/api/wishlist/check/prod-001", parameters={}
2026-04-11 14:36:05 [http-nio-8080-exec-1] DEBUG o.s.w.s.m.m.a.RequestMappingHandlerMapping - Mapped to com.gearflow.controller.WishlistController#isInWishlist(String)
2026-04-11 14:36:05 [http-nio-8080-exec-1] INFO  c.g.controller.WishlistController - GET /api/wishlist/check/prod-001
2026-04-11 14:36:05 [http-nio-8080-exec-1] DEBUG org.hibernate.SQL - 
    select
        w1_0.wishlist_id,
        w1_0.created_at,
        w1_0.product_id,
        w1_0.user_id 
    from
        wishlists w1_0 
    where
        w1_0.user_id=? 
        and w1_0.product_id=?
2026-04-11 14:36:05 [http-nio-8080-exec-1] DEBUG o.s.w.s.m.m.a.HttpEntityMethodProcessor - Using 'application/json', given [*/*] and supported [application/json, application/*+json]
2026-04-11 14:36:05 [http-nio-8080-exec-1] DEBUG o.s.w.s.m.m.a.HttpEntityMethodProcessor - Writing [true]
2026-04-11 14:36:05 [http-nio-8080-exec-1] DEBUG o.s.web.servlet.DispatcherServlet - Completed 200 OK
2026-04-11 14:36:14 [http-nio-8080-exec-9] DEBUG o.s.web.servlet.DispatcherServlet - GET "/api/categories", parameters={}
2026-04-11 14:36:14 [http-nio-8080-exec-3] DEBUG o.s.web.servlet.DispatcherServlet - GET "/api/products?page=0&size=1000", parameters={masked}
2026-04-11 14:36:14 [http-nio-8080-exec-9] DEBUG o.s.w.s.m.m.a.RequestMappingHandlerMapping - Mapped to com.gearflow.controller.CategoryController#getAllCategories()
2026-04-11 14:36:14 [http-nio-8080-exec-3] DEBUG o.s.w.s.m.m.a.RequestMappingHandlerMapping - Mapped to com.gearflow.controller.ProductController#getAllProducts(int, int)
2026-04-11 14:36:14 [http-nio-8080-exec-9] INFO  c.g.controller.CategoryController - GET /api/categories
2026-04-11 14:36:14 [http-nio-8080-exec-4] DEBUG c.gearflow.service.JwtTokenService - Validating JWT token from database
2026-04-11 14:36:14 [http-nio-8080-exec-4] DEBUG org.hibernate.SQL - 
    select
        j1_0.token_id,
        j1_0.created_at,
        j1_0.expires_at,
        j1_0.last_used_at,
        j1_0.revoked_at,
        j1_0.status,
        j1_0.token,
        j1_0.token_type,
        j1_0.user_id 
    from
        jwt_tokens j1_0 
    where
        j1_0.token=?
2026-04-11 14:36:14 [http-nio-8080-exec-3] INFO  com.gearflow.service.ProductService - Fetching all products with pagination: page=0, size=1000
2026-04-11 14:36:14 [http-nio-8080-exec-9] DEBUG org.hibernate.SQL - 
    select
        c1_0.categories_id,
        c1_0.created_at,
        c1_0.description,
        c1_0.categories_name 
    from
        categories c1_0
2026-04-11 14:36:14 [http-nio-8080-exec-3] DEBUG org.hibernate.SQL - 
    select
        p1_0.product_id,
        p1_0.base_price,
        p1_0.brands_id,
        p1_0.categories_id,
        p1_0.created_at,
        p1_0.description,
        p1_0.image,
        p1_0.product_name,
        p1_0.support,
        p1_0.updated_at 
    from
        products p1_0 
    offset
        ? rows 
    fetch
        first ? rows only
2026-04-11 14:36:14 [http-nio-8080-exec-9] DEBUG o.s.w.s.m.m.a.HttpEntityMethodProcessor - Using 'application/json', given [*/*] and supported [application/json, application/*+json]
2026-04-11 14:36:14 [http-nio-8080-exec-9] DEBUG o.s.w.s.m.m.a.HttpEntityMethodProcessor - Writing [[CategoryDTO(id=cat-001, name=Mechanical Keyboards, description=High-quality mechanical keyboards fo (truncated)...]
2026-04-11 14:36:14 [http-nio-8080-exec-9] DEBUG o.s.web.servlet.DispatcherServlet - Completed 200 OK
2026-04-11 14:36:14 [http-nio-8080-exec-3] DEBUG org.hibernate.SQL - 
    select
        p1_0.pro_variant_id,
        p1_0.color,
        p1_0.connect_type,
        p1_0.created_at,
        p1_0.keycap_set,
        p1_0.price_modifier,
        p1_0.product_id,
        p1_0.switch_type 
    from
        product_variants p1_0 
    where
        p1_0.product_id=?
2026-04-11 14:36:14 [http-nio-8080-exec-3] DEBUG org.hibernate.SQL - 
    select
        s1_0.pro_variant_id,
        s1_0.quantity,
        s1_0.reserved,
        s1_0.updated_at 
    from
        stock s1_0 
    where
        s1_0.pro_variant_id=?
2026-04-11 14:36:14 [http-nio-8080-exec-3] DEBUG org.hibernate.SQL - 
    select
        s1_0.pro_variant_id,
        s1_0.quantity,
        s1_0.reserved,
        s1_0.updated_at 
    from
        stock s1_0 
    where
        s1_0.pro_variant_id=?
2026-04-11 14:36:14 [http-nio-8080-exec-3] DEBUG org.hibernate.SQL - 
    select
        s1_0.pro_variant_id,
        s1_0.quantity,
        s1_0.reserved,
        s1_0.updated_at 
    from
        stock s1_0 
    where
        s1_0.pro_variant_id=?
2026-04-11 14:36:14 [http-nio-8080-exec-3] DEBUG org.hibernate.SQL - 
    select
        s1_0.pro_variant_id,
        s1_0.quantity,
        s1_0.reserved,
        s1_0.updated_at 
    from
        stock s1_0 
    where
        s1_0.pro_variant_id=?
2026-04-11 14:36:14 [http-nio-8080-exec-5] DEBUG o.s.web.servlet.DispatcherServlet - GET "/api/brands", parameters={}
2026-04-11 14:36:14 [http-nio-8080-exec-5] DEBUG o.s.w.s.m.m.a.RequestMappingHandlerMapping - Mapped to com.gearflow.controller.PublicBrandController#getAllBrands()
2026-04-11 14:36:14 [http-nio-8080-exec-5] INFO  c.g.controller.PublicBrandController - GET /api/brands
2026-04-11 14:36:14 [http-nio-8080-exec-6] DEBUG c.gearflow.service.JwtTokenService - Validating JWT token from database
2026-04-11 14:36:14 [http-nio-8080-exec-3] DEBUG org.hibernate.SQL - 
    select
        p1_0.attr_id,
        p1_0.attr_def_id,
        p1_0.created_at,
        p1_0.attr_name,
        p1_0.price_adjustment,
        p1_0.product_id,
        p1_0.attr_value 
    from
        product_attributes p1_0 
    where
        p1_0.product_id=?
2026-04-11 14:36:14 [http-nio-8080-exec-6] DEBUG org.hibernate.SQL - 
    select
        j1_0.token_id,
        j1_0.created_at,
        j1_0.expires_at,
        j1_0.last_used_at,
        j1_0.revoked_at,
        j1_0.status,
        j1_0.token,
        j1_0.token_type,
        j1_0.user_id 
    from
        jwt_tokens j1_0 
    where
        j1_0.token=?
2026-04-11 14:36:14 [http-nio-8080-exec-3] DEBUG org.hibernate.SQL - 
    select
        p1_0.pro_variant_id,
        p1_0.color,
        p1_0.connect_type,
        p1_0.created_at,
        p1_0.keycap_set,
        p1_0.price_modifier,
        p1_0.product_id,
        p1_0.switch_type 
    from
        product_variants p1_0 
    where
        p1_0.product_id=?
2026-04-11 14:36:14 [http-nio-8080-exec-3] DEBUG org.hibernate.SQL - 
    select
        s1_0.pro_variant_id,
        s1_0.quantity,
        s1_0.reserved,
        s1_0.updated_at 
    from
        stock s1_0 
    where
        s1_0.pro_variant_id=?
2026-04-11 14:36:14 [http-nio-8080-exec-3] DEBUG org.hibernate.SQL - 
    select
        s1_0.pro_variant_id,
        s1_0.quantity,
        s1_0.reserved,
        s1_0.updated_at 
    from
        stock s1_0 
    where
        s1_0.pro_variant_id=?
2026-04-11 14:36:14 [http-nio-8080-exec-3] DEBUG org.hibernate.SQL - 
    select
        s1_0.pro_variant_id,
        s1_0.quantity,
        s1_0.reserved,
        s1_0.updated_at 
    from
        stock s1_0 
    where
        s1_0.pro_variant_id=?
2026-04-11 14:36:14 [http-nio-8080-exec-5] DEBUG org.hibernate.SQL - 
    select
        b1_0.brands_id,
        b1_0.created_at,
        b1_0.description,
        b1_0.brands_name 
    from
        brands b1_0
2026-04-11 14:36:14 [http-nio-8080-exec-3] DEBUG org.hibernate.SQL - 
    select
        p1_0.attr_id,
        p1_0.attr_def_id,
        p1_0.created_at,
        p1_0.attr_name,
        p1_0.price_adjustment,
        p1_0.product_id,
        p1_0.attr_value 
    from
        product_attributes p1_0 
    where
        p1_0.product_id=?
2026-04-11 14:36:14 [http-nio-8080-exec-3] DEBUG org.hibernate.SQL - 
    select
        p1_0.pro_variant_id,
        p1_0.color,
        p1_0.connect_type,
        p1_0.created_at,
        p1_0.keycap_set,
        p1_0.price_modifier,
        p1_0.product_id,
        p1_0.switch_type 
    from
        product_variants p1_0 
    where
        p1_0.product_id=?
2026-04-11 14:36:14 [http-nio-8080-exec-3] DEBUG org.hibernate.SQL - 
    select
        s1_0.pro_variant_id,
        s1_0.quantity,
        s1_0.reserved,
        s1_0.updated_at 
    from
        stock s1_0 
    where
        s1_0.pro_variant_id=?
2026-04-11 14:36:14 [http-nio-8080-exec-3] DEBUG org.hibernate.SQL - 
    select
        s1_0.pro_variant_id,
        s1_0.quantity,
        s1_0.reserved,
        s1_0.updated_at 
    from
        stock s1_0 
    where
        s1_0.pro_variant_id=?
2026-04-11 14:36:14 [http-nio-8080-exec-3] DEBUG org.hibernate.SQL - 
    select
        p1_0.attr_id,
        p1_0.attr_def_id,
        p1_0.created_at,
        p1_0.attr_name,
        p1_0.price_adjustment,
        p1_0.product_id,
        p1_0.attr_value 
    from
        product_attributes p1_0 
    where
        p1_0.product_id=?
2026-04-11 14:36:14 [http-nio-8080-exec-3] DEBUG org.hibernate.SQL - 
    select
        p1_0.pro_variant_id,
        p1_0.color,
        p1_0.connect_type,
        p1_0.created_at,
        p1_0.keycap_set,
        p1_0.price_modifier,
        p1_0.product_id,
        p1_0.switch_type 
    from
        product_variants p1_0 
    where
        p1_0.product_id=?
2026-04-11 14:36:14 [http-nio-8080-exec-3] DEBUG org.hibernate.SQL - 
    select
        s1_0.pro_variant_id,
        s1_0.quantity,
        s1_0.reserved,
        s1_0.updated_at 
    from
        stock s1_0 
    where
        s1_0.pro_variant_id=?
2026-04-11 14:36:14 [http-nio-8080-exec-3] DEBUG org.hibernate.SQL - 
    select
        s1_0.pro_variant_id,
        s1_0.quantity,
        s1_0.reserved,
        s1_0.updated_at 
    from
        stock s1_0 
    where
        s1_0.pro_variant_id=?
2026-04-11 14:36:14 [http-nio-8080-exec-3] DEBUG org.hibernate.SQL - 
    select
        p1_0.attr_id,
        p1_0.attr_def_id,
        p1_0.created_at,
        p1_0.attr_name,
        p1_0.price_adjustment,
        p1_0.product_id,
        p1_0.attr_value 
    from
        product_attributes p1_0 
    where
        p1_0.product_id=?
2026-04-11 14:36:14 [http-nio-8080-exec-3] DEBUG org.hibernate.SQL - 
    select
        p1_0.pro_variant_id,
        p1_0.color,
        p1_0.connect_type,
        p1_0.created_at,
        p1_0.keycap_set,
        p1_0.price_modifier,
        p1_0.product_id,
        p1_0.switch_type 
    from
        product_variants p1_0 
    where
        p1_0.product_id=?
2026-04-11 14:36:14 [http-nio-8080-exec-3] DEBUG org.hibernate.SQL - 
    select
        s1_0.pro_variant_id,
        s1_0.quantity,
        s1_0.reserved,
        s1_0.updated_at 
    from
        stock s1_0 
    where
        s1_0.pro_variant_id=?
2026-04-11 14:36:14 [http-nio-8080-exec-3] DEBUG org.hibernate.SQL - 
    select
        s1_0.pro_variant_id,
        s1_0.quantity,
        s1_0.reserved,
        s1_0.updated_at 
    from
        stock s1_0 
    where
        s1_0.pro_variant_id=?
2026-04-11 14:36:14 [http-nio-8080-exec-3] DEBUG org.hibernate.SQL - 
    select
        p1_0.attr_id,
        p1_0.attr_def_id,
        p1_0.created_at,
        p1_0.attr_name,
        p1_0.price_adjustment,
        p1_0.product_id,
        p1_0.attr_value 
    from
        product_attributes p1_0 
    where
        p1_0.product_id=?
2026-04-11 14:36:14 [http-nio-8080-exec-3] DEBUG org.hibernate.SQL - 
    select
        p1_0.pro_variant_id,
        p1_0.color,
        p1_0.connect_type,
        p1_0.created_at,
        p1_0.keycap_set,
        p1_0.price_modifier,
        p1_0.product_id,
        p1_0.switch_type 
    from
        product_variants p1_0 
    where
        p1_0.product_id=?
2026-04-11 14:36:14 [http-nio-8080-exec-3] DEBUG org.hibernate.SQL - 
    select
        s1_0.pro_variant_id,
        s1_0.quantity,
        s1_0.reserved,
        s1_0.updated_at 
    from
        stock s1_0 
    where
        s1_0.pro_variant_id=?
2026-04-11 14:36:14 [http-nio-8080-exec-3] DEBUG org.hibernate.SQL - 
    select
        s1_0.pro_variant_id,
        s1_0.quantity,
        s1_0.reserved,
        s1_0.updated_at 
    from
        stock s1_0 
    where
        s1_0.pro_variant_id=?
2026-04-11 14:36:14 [http-nio-8080-exec-3] DEBUG org.hibernate.SQL - 
    select
        p1_0.attr_id,
        p1_0.attr_def_id,
        p1_0.created_at,
        p1_0.attr_name,
        p1_0.price_adjustment,
        p1_0.product_id,
        p1_0.attr_value 
    from
        product_attributes p1_0 
    where
        p1_0.product_id=?
2026-04-11 14:36:14 [http-nio-8080-exec-3] DEBUG org.hibernate.SQL - 
    select
        p1_0.pro_variant_id,
        p1_0.color,
        p1_0.connect_type,
        p1_0.created_at,
        p1_0.keycap_set,
        p1_0.price_modifier,
        p1_0.product_id,
        p1_0.switch_type 
    from
        product_variants p1_0 
    where
        p1_0.product_id=?
2026-04-11 14:36:14 [http-nio-8080-exec-3] DEBUG org.hibernate.SQL - 
    select
        s1_0.pro_variant_id,
        s1_0.quantity,
        s1_0.reserved,
        s1_0.updated_at 
    from
        stock s1_0 
    where
        s1_0.pro_variant_id=?
2026-04-11 14:36:14 [http-nio-8080-exec-3] DEBUG org.hibernate.SQL - 
    select
        s1_0.pro_variant_id,
        s1_0.quantity,
        s1_0.reserved,
        s1_0.updated_at 
    from
        stock s1_0 
    where
        s1_0.pro_variant_id=?
2026-04-11 14:36:14 [http-nio-8080-exec-3] DEBUG org.hibernate.SQL - 
    select
        p1_0.attr_id,
        p1_0.attr_def_id,
        p1_0.created_at,
        p1_0.attr_name,
        p1_0.price_adjustment,
        p1_0.product_id,
        p1_0.attr_value 
    from
        product_attributes p1_0 
    where
        p1_0.product_id=?
2026-04-11 14:36:14 [http-nio-8080-exec-3] DEBUG org.hibernate.SQL - 
    select
        p1_0.pro_variant_id,
        p1_0.color,
        p1_0.connect_type,
        p1_0.created_at,
        p1_0.keycap_set,
        p1_0.price_modifier,
        p1_0.product_id,
        p1_0.switch_type 
    from
        product_variants p1_0 
    where
        p1_0.product_id=?
2026-04-11 14:36:14 [http-nio-8080-exec-3] DEBUG org.hibernate.SQL - 
    select
        s1_0.pro_variant_id,
        s1_0.quantity,
        s1_0.reserved,
        s1_0.updated_at 
    from
        stock s1_0 
    where
        s1_0.pro_variant_id=?
2026-04-11 14:36:14 [http-nio-8080-exec-3] DEBUG org.hibernate.SQL - 
    select
        s1_0.pro_variant_id,
        s1_0.quantity,
        s1_0.reserved,
        s1_0.updated_at 
    from
        stock s1_0 
    where
        s1_0.pro_variant_id=?
2026-04-11 14:36:14 [http-nio-8080-exec-3] DEBUG org.hibernate.SQL - 
    select
        p1_0.attr_id,
        p1_0.attr_def_id,
        p1_0.created_at,
        p1_0.attr_name,
        p1_0.price_adjustment,
        p1_0.product_id,
        p1_0.attr_value 
    from
        product_attributes p1_0 
    where
        p1_0.product_id=?
2026-04-11 14:36:14 [http-nio-8080-exec-3] DEBUG org.hibernate.SQL - 
    select
        p1_0.pro_variant_id,
        p1_0.color,
        p1_0.connect_type,
        p1_0.created_at,
        p1_0.keycap_set,
        p1_0.price_modifier,
        p1_0.product_id,
        p1_0.switch_type 
    from
        product_variants p1_0 
    where
        p1_0.product_id=?
2026-04-11 14:36:14 [http-nio-8080-exec-3] DEBUG org.hibernate.SQL - 
    select
        s1_0.pro_variant_id,
        s1_0.quantity,
        s1_0.reserved,
        s1_0.updated_at 
    from
        stock s1_0 
    where
        s1_0.pro_variant_id=?
2026-04-11 14:36:14 [http-nio-8080-exec-3] DEBUG org.hibernate.SQL - 
    select
        s1_0.pro_variant_id,
        s1_0.quantity,
        s1_0.reserved,
        s1_0.updated_at 
    from
        stock s1_0 
    where
        s1_0.pro_variant_id=?
2026-04-11 14:36:14 [http-nio-8080-exec-3] DEBUG org.hibernate.SQL - 
    select
        p1_0.attr_id,
        p1_0.attr_def_id,
        p1_0.created_at,
        p1_0.attr_name,
        p1_0.price_adjustment,
        p1_0.product_id,
        p1_0.attr_value 
    from
        product_attributes p1_0 
    where
        p1_0.product_id=?
2026-04-11 14:36:14 [http-nio-8080-exec-3] DEBUG org.hibernate.SQL - 
    select
        p1_0.pro_variant_id,
        p1_0.color,
        p1_0.connect_type,
        p1_0.created_at,
        p1_0.keycap_set,
        p1_0.price_modifier,
        p1_0.product_id,
        p1_0.switch_type 
    from
        product_variants p1_0 
    where
        p1_0.product_id=?
2026-04-11 14:36:14 [http-nio-8080-exec-3] DEBUG org.hibernate.SQL - 
    select
        s1_0.pro_variant_id,
        s1_0.quantity,
        s1_0.reserved,
        s1_0.updated_at 
    from
        stock s1_0 
    where
        s1_0.pro_variant_id=?
2026-04-11 14:36:14 [http-nio-8080-exec-3] DEBUG org.hibernate.SQL - 
    select
        s1_0.pro_variant_id,
        s1_0.quantity,
        s1_0.reserved,
        s1_0.updated_at 
    from
        stock s1_0 
    where
        s1_0.pro_variant_id=?
2026-04-11 14:36:14 [http-nio-8080-exec-5] DEBUG o.s.w.s.m.m.a.HttpEntityMethodProcessor - Using 'application/json', given [*/*] and supported [application/json, application/*+json]
2026-04-11 14:36:14 [http-nio-8080-exec-3] DEBUG org.hibernate.SQL - 
    select
        p1_0.attr_id,
        p1_0.attr_def_id,
        p1_0.created_at,
        p1_0.attr_name,
        p1_0.price_adjustment,
        p1_0.product_id,
        p1_0.attr_value 
    from
        product_attributes p1_0 
    where
        p1_0.product_id=?
2026-04-11 14:36:14 [http-nio-8080-exec-5] DEBUG o.s.w.s.m.m.a.HttpEntityMethodProcessor - Writing [[BrandDTO(id=brand-001, name=Keychron, description=Premium wireless mechanical keyboards, imageUrl=n (truncated)...]
2026-04-11 14:36:14 [http-nio-8080-exec-3] DEBUG org.hibernate.SQL - 
    select
        p1_0.pro_variant_id,
        p1_0.color,
        p1_0.connect_type,
        p1_0.created_at,
        p1_0.keycap_set,
        p1_0.price_modifier,
        p1_0.product_id,
        p1_0.switch_type 
    from
        product_variants p1_0 
    where
        p1_0.product_id=?
2026-04-11 14:36:14 [http-nio-8080-exec-5] DEBUG o.s.web.servlet.DispatcherServlet - Completed 200 OK
2026-04-11 14:36:14 [http-nio-8080-exec-6] DEBUG org.hibernate.SQL - 
    select
        j1_0.token_id,
        j1_0.created_at,
        j1_0.expires_at,
        j1_0.last_used_at,
        j1_0.revoked_at,
        j1_0.status,
        j1_0.token,
        j1_0.token_type,
        j1_0.user_id 
    from
        jwt_tokens j1_0 
    where
        j1_0.token_id=?
2026-04-11 14:36:14 [http-nio-8080-exec-3] DEBUG org.hibernate.SQL - 
    select
        s1_0.pro_variant_id,
        s1_0.quantity,
        s1_0.reserved,
        s1_0.updated_at 
    from
        stock s1_0 
    where
        s1_0.pro_variant_id=?
2026-04-11 14:36:14 [http-nio-8080-exec-3] DEBUG org.hibernate.SQL - 
    select
        s1_0.pro_variant_id,
        s1_0.quantity,
        s1_0.reserved,
        s1_0.updated_at 
    from
        stock s1_0 
    where
        s1_0.pro_variant_id=?
2026-04-11 14:36:14 [http-nio-8080-exec-3] DEBUG org.hibernate.SQL - 
    select
        p1_0.attr_id,
        p1_0.attr_def_id,
        p1_0.created_at,
        p1_0.attr_name,
        p1_0.price_adjustment,
        p1_0.product_id,
        p1_0.attr_value 
    from
        product_attributes p1_0 
    where
        p1_0.product_id=?
2026-04-11 14:36:14 [http-nio-8080-exec-3] DEBUG org.hibernate.SQL - 
    select
        p1_0.pro_variant_id,
        p1_0.color,
        p1_0.connect_type,
        p1_0.created_at,
        p1_0.keycap_set,
        p1_0.price_modifier,
        p1_0.product_id,
        p1_0.switch_type 
    from
        product_variants p1_0 
    where
        p1_0.product_id=?
2026-04-11 14:36:14 [http-nio-8080-exec-6] DEBUG org.hibernate.SQL - 
    update
        jwt_tokens 
    set
        expires_at=?,
        last_used_at=?,
        revoked_at=?,
        status=?,
        token=?,
        token_type=?,
        user_id=? 
    where
        token_id=?
2026-04-11 14:36:14 [http-nio-8080-exec-3] DEBUG org.hibernate.SQL - 
    select
        s1_0.pro_variant_id,
        s1_0.quantity,
        s1_0.reserved,
        s1_0.updated_at 
    from
        stock s1_0 
    where
        s1_0.pro_variant_id=?
2026-04-11 14:36:14 [http-nio-8080-exec-3] DEBUG org.hibernate.SQL - 
    select
        s1_0.pro_variant_id,
        s1_0.quantity,
        s1_0.reserved,
        s1_0.updated_at 
    from
        stock s1_0 
    where
        s1_0.pro_variant_id=?
2026-04-11 14:36:14 [http-nio-8080-exec-3] DEBUG org.hibernate.SQL - 
    select
        p1_0.attr_id,
        p1_0.attr_def_id,
        p1_0.created_at,
        p1_0.attr_name,
        p1_0.price_adjustment,
        p1_0.product_id,
        p1_0.attr_value 
    from
        product_attributes p1_0 
    where
        p1_0.product_id=?
2026-04-11 14:36:14 [http-nio-8080-exec-3] DEBUG org.hibernate.SQL - 
    select
        p1_0.pro_variant_id,
        p1_0.color,
        p1_0.connect_type,
        p1_0.created_at,
        p1_0.keycap_set,
        p1_0.price_modifier,
        p1_0.product_id,
        p1_0.switch_type 
    from
        product_variants p1_0 
    where
        p1_0.product_id=?
2026-04-11 14:36:14 [http-nio-8080-exec-6] DEBUG org.hibernate.SQL - 
    select
        u1_0.user_id,
        u1_0.address,
        u1_0.created_at,
        u1_0.image_url,
        u1_0.password,
        u1_0.phone,
        u1_0.role,
        u1_0.updated_at,
        u1_0.user_name 
    from
        users u1_0 
    where
        u1_0.user_id=?
2026-04-11 14:36:14 [http-nio-8080-exec-3] DEBUG org.hibernate.SQL - 
    select
        s1_0.pro_variant_id,
        s1_0.quantity,
        s1_0.reserved,
        s1_0.updated_at 
    from
        stock s1_0 
    where
        s1_0.pro_variant_id=?
2026-04-11 14:36:14 [http-nio-8080-exec-3] DEBUG org.hibernate.SQL - 
    select
        s1_0.pro_variant_id,
        s1_0.quantity,
        s1_0.reserved,
        s1_0.updated_at 
    from
        stock s1_0 
    where
        s1_0.pro_variant_id=?
2026-04-11 14:36:14 [http-nio-8080-exec-4] DEBUG org.hibernate.SQL - 
    select
        j1_0.token_id,
        j1_0.created_at,
        j1_0.expires_at,
        j1_0.last_used_at,
        j1_0.revoked_at,
        j1_0.status,
        j1_0.token,
        j1_0.token_type,
        j1_0.user_id 
    from
        jwt_tokens j1_0 
    where
        j1_0.token_id=?
2026-04-11 14:36:14 [http-nio-8080-exec-3] DEBUG org.hibernate.SQL - 
    select
        p1_0.attr_id,
        p1_0.attr_def_id,
        p1_0.created_at,
        p1_0.attr_name,
        p1_0.price_adjustment,
        p1_0.product_id,
        p1_0.attr_value 
    from
        product_attributes p1_0 
    where
        p1_0.product_id=?
2026-04-11 14:36:14 [http-nio-8080-exec-4] DEBUG org.hibernate.SQL - 
    update
        jwt_tokens 
    set
        expires_at=?,
        last_used_at=?,
        revoked_at=?,
        status=?,
        token=?,
        token_type=?,
        user_id=? 
    where
        token_id=?
2026-04-11 14:36:14 [http-nio-8080-exec-3] DEBUG org.hibernate.SQL - 
    select
        p1_0.pro_variant_id,
        p1_0.color,
        p1_0.connect_type,
        p1_0.created_at,
        p1_0.keycap_set,
        p1_0.price_modifier,
        p1_0.product_id,
        p1_0.switch_type 
    from
        product_variants p1_0 
    where
        p1_0.product_id=?
2026-04-11 14:36:14 [http-nio-8080-exec-3] DEBUG org.hibernate.SQL - 
    select
        s1_0.pro_variant_id,
        s1_0.quantity,
        s1_0.reserved,
        s1_0.updated_at 
    from
        stock s1_0 
    where
        s1_0.pro_variant_id=?
2026-04-11 14:36:14 [http-nio-8080-exec-3] DEBUG org.hibernate.SQL - 
    select
        s1_0.pro_variant_id,
        s1_0.quantity,
        s1_0.reserved,
        s1_0.updated_at 
    from
        stock s1_0 
    where
        s1_0.pro_variant_id=?
2026-04-11 14:36:14 [http-nio-8080-exec-3] DEBUG org.hibernate.SQL - 
    select
        p1_0.attr_id,
        p1_0.attr_def_id,
        p1_0.created_at,
        p1_0.attr_name,
        p1_0.price_adjustment,
        p1_0.product_id,
        p1_0.attr_value 
    from
        product_attributes p1_0 
    where
        p1_0.product_id=?
2026-04-11 14:36:14 [http-nio-8080-exec-4] DEBUG org.hibernate.SQL - 
    select
        u1_0.user_id,
        u1_0.address,
        u1_0.created_at,
        u1_0.image_url,
        u1_0.password,
        u1_0.phone,
        u1_0.role,
        u1_0.updated_at,
        u1_0.user_name 
    from
        users u1_0 
    where
        u1_0.user_id=?
2026-04-11 14:36:14 [http-nio-8080-exec-4] DEBUG o.s.web.servlet.DispatcherServlet - GET "/api/admin/users?size=1000", parameters={masked}
2026-04-11 14:36:14 [http-nio-8080-exec-4] DEBUG o.s.w.s.m.m.a.RequestMappingHandlerMapping - Mapped to com.gearflow.controller.UserManagementController#getAllUsers(Pageable)
2026-04-11 14:36:14 [http-nio-8080-exec-3] DEBUG org.hibernate.SQL - 
    select
        p1_0.pro_variant_id,
        p1_0.color,
        p1_0.connect_type,
        p1_0.created_at,
        p1_0.keycap_set,
        p1_0.price_modifier,
        p1_0.product_id,
        p1_0.switch_type 
    from
        product_variants p1_0 
    where
        p1_0.product_id=?
2026-04-11 14:36:14 [http-nio-8080-exec-6] DEBUG o.s.web.servlet.DispatcherServlet - GET "/api/admin/orders", parameters={}
2026-04-11 14:36:14 [http-nio-8080-exec-6] DEBUG o.s.w.s.m.m.a.RequestMappingHandlerMapping - Mapped to com.gearflow.controller.AdminController#getOrdersByStatus(OrderStatus)
2026-04-11 14:36:14 [http-nio-8080-exec-3] DEBUG org.hibernate.SQL - 
    select
        s1_0.pro_variant_id,
        s1_0.quantity,
        s1_0.reserved,
        s1_0.updated_at 
    from
        stock s1_0 
    where
        s1_0.pro_variant_id=?
2026-04-11 14:36:14 [http-nio-8080-exec-3] DEBUG org.hibernate.SQL - 
    select
        s1_0.pro_variant_id,
        s1_0.quantity,
        s1_0.reserved,
        s1_0.updated_at 
    from
        stock s1_0 
    where
        s1_0.pro_variant_id=?
2026-04-11 14:36:14 [http-nio-8080-exec-3] DEBUG org.hibernate.SQL - 
    select
        p1_0.attr_id,
        p1_0.attr_def_id,
        p1_0.created_at,
        p1_0.attr_name,
        p1_0.price_adjustment,
        p1_0.product_id,
        p1_0.attr_value 
    from
        product_attributes p1_0 
    where
        p1_0.product_id=?
2026-04-11 14:36:14 [http-nio-8080-exec-3] DEBUG org.hibernate.SQL - 
    select
        p1_0.pro_variant_id,
        p1_0.color,
        p1_0.connect_type,
        p1_0.created_at,
        p1_0.keycap_set,
        p1_0.price_modifier,
        p1_0.product_id,
        p1_0.switch_type 
    from
        product_variants p1_0 
    where
        p1_0.product_id=?
2026-04-11 14:36:14 [http-nio-8080-exec-3] DEBUG org.hibernate.SQL - 
    select
        s1_0.pro_variant_id,
        s1_0.quantity,
        s1_0.reserved,
        s1_0.updated_at 
    from
        stock s1_0 
    where
        s1_0.pro_variant_id=?
2026-04-11 14:36:14 [http-nio-8080-exec-3] DEBUG org.hibernate.SQL - 
    select
        p1_0.attr_id,
        p1_0.attr_def_id,
        p1_0.created_at,
        p1_0.attr_name,
        p1_0.price_adjustment,
        p1_0.product_id,
        p1_0.attr_value 
    from
        product_attributes p1_0 
    where
        p1_0.product_id=?
2026-04-11 14:36:14 [http-nio-8080-exec-4] INFO  c.g.c.UserManagementController - GET /api/admin/users
2026-04-11 14:36:14 [http-nio-8080-exec-3] DEBUG org.hibernate.SQL - 
    select
        p1_0.pro_variant_id,
        p1_0.color,
        p1_0.connect_type,
        p1_0.created_at,
        p1_0.keycap_set,
        p1_0.price_modifier,
        p1_0.product_id,
        p1_0.switch_type 
    from
        product_variants p1_0 
    where
        p1_0.product_id=?
2026-04-11 14:36:14 [http-nio-8080-exec-4] INFO  c.g.service.UserManagementService - Fetching all users
2026-04-11 14:36:14 [http-nio-8080-exec-3] DEBUG org.hibernate.SQL - 
    select
        p1_0.attr_id,
        p1_0.attr_def_id,
        p1_0.created_at,
        p1_0.attr_name,
        p1_0.price_adjustment,
        p1_0.product_id,
        p1_0.attr_value 
    from
        product_attributes p1_0 
    where
        p1_0.product_id=?
2026-04-11 14:36:14 [http-nio-8080-exec-4] DEBUG org.hibernate.SQL - 
    select
        u1_0.user_id,
        u1_0.address,
        u1_0.created_at,
        u1_0.image_url,
        u1_0.password,
        u1_0.phone,
        u1_0.role,
        u1_0.updated_at,
        u1_0.user_name 
    from
        users u1_0 
    offset
        ? rows 
    fetch
        first ? rows only
2026-04-11 14:36:14 [http-nio-8080-exec-3] DEBUG org.hibernate.SQL - 
    select
        p1_0.pro_variant_id,
        p1_0.color,
        p1_0.connect_type,
        p1_0.created_at,
        p1_0.keycap_set,
        p1_0.price_modifier,
        p1_0.product_id,
        p1_0.switch_type 
    from
        product_variants p1_0 
    where
        p1_0.product_id=?
2026-04-11 14:36:14 [http-nio-8080-exec-4] DEBUG o.s.w.s.m.m.a.HttpEntityMethodProcessor - Using 'application/json', given [*/*] and supported [application/json, application/*+json]
2026-04-11 14:36:14 [http-nio-8080-exec-4] DEBUG o.s.w.s.m.m.a.HttpEntityMethodProcessor - Writing [Page 1 of 1 containing com.gearflow.dto.UserDTO instances]
2026-04-11 14:36:14 [http-nio-8080-exec-3] DEBUG org.hibernate.SQL - 
    select
        p1_0.attr_id,
        p1_0.attr_def_id,
        p1_0.created_at,
        p1_0.attr_name,
        p1_0.price_adjustment,
        p1_0.product_id,
        p1_0.attr_value 
    from
        product_attributes p1_0 
    where
        p1_0.product_id=?
2026-04-11 14:36:14 [http-nio-8080-exec-3] DEBUG org.hibernate.SQL - 
    select
        p1_0.pro_variant_id,
        p1_0.color,
        p1_0.connect_type,
        p1_0.created_at,
        p1_0.keycap_set,
        p1_0.price_modifier,
        p1_0.product_id,
        p1_0.switch_type 
    from
        product_variants p1_0 
    where
        p1_0.product_id=?
2026-04-11 14:36:14 [http-nio-8080-exec-4] DEBUG o.s.web.servlet.DispatcherServlet - Completed 200 OK
2026-04-11 14:36:14 [http-nio-8080-exec-3] DEBUG org.hibernate.SQL - 
    select
        p1_0.attr_id,
        p1_0.attr_def_id,
        p1_0.created_at,
        p1_0.attr_name,
        p1_0.price_adjustment,
        p1_0.product_id,
        p1_0.attr_value 
    from
        product_attributes p1_0 
    where
        p1_0.product_id=?
2026-04-11 14:36:15 [http-nio-8080-exec-3] DEBUG org.hibernate.SQL - 
    select
        p1_0.pro_variant_id,
        p1_0.color,
        p1_0.connect_type,
        p1_0.created_at,
        p1_0.keycap_set,
        p1_0.price_modifier,
        p1_0.product_id,
        p1_0.switch_type 
    from
        product_variants p1_0 
    where
        p1_0.product_id=?
2026-04-11 14:36:15 [http-nio-8080-exec-3] DEBUG org.hibernate.SQL - 
    select
        p1_0.attr_id,
        p1_0.attr_def_id,
        p1_0.created_at,
        p1_0.attr_name,
        p1_0.price_adjustment,
        p1_0.product_id,
        p1_0.attr_value 
    from
        product_attributes p1_0 
    where
        p1_0.product_id=?
2026-04-11 14:36:15 [http-nio-8080-exec-6] INFO  c.g.controller.AdminController - GET /api/admin/orders - Status: null
2026-04-11 14:36:15 [http-nio-8080-exec-6] INFO  com.gearflow.service.AdminService - Fetching orders with status: null
2026-04-11 14:36:15 [http-nio-8080-exec-3] DEBUG org.hibernate.SQL - 
    select
        p1_0.pro_variant_id,
        p1_0.color,
        p1_0.connect_type,
        p1_0.created_at,
        p1_0.keycap_set,
        p1_0.price_modifier,
        p1_0.product_id,
        p1_0.switch_type 
    from
        product_variants p1_0 
    where
        p1_0.product_id=?
2026-04-11 14:36:15 [http-nio-8080-exec-3] DEBUG org.hibernate.SQL - 
    select
        p1_0.attr_id,
        p1_0.attr_def_id,
        p1_0.created_at,
        p1_0.attr_name,
        p1_0.price_adjustment,
        p1_0.product_id,
        p1_0.attr_value 
    from
        product_attributes p1_0 
    where
        p1_0.product_id=?
2026-04-11 14:36:15 [http-nio-8080-exec-3] DEBUG org.hibernate.SQL - 
    select
        p1_0.pro_variant_id,
        p1_0.color,
        p1_0.connect_type,
        p1_0.created_at,
        p1_0.keycap_set,
        p1_0.price_modifier,
        p1_0.product_id,
        p1_0.switch_type 
    from
        product_variants p1_0 
    where
        p1_0.product_id=?
2026-04-11 14:36:15 [http-nio-8080-exec-6] DEBUG org.hibernate.SQL - 
    select
        o1_0.order_id,
        o1_0.created_at,
        o1_0.shipping_address,
        o1_0.shipping_city,
        o1_0.shipping_phone,
        o1_0.shipping_postal_code,
        o1_0.order_status,
        o1_0.total_amount,
        o1_0.updated_at,
        o1_0.user_id 
    from
        orders o1_0
2026-04-11 14:36:15 [http-nio-8080-exec-3] DEBUG org.hibernate.SQL - 
    select
        p1_0.attr_id,
        p1_0.attr_def_id,
        p1_0.created_at,
        p1_0.attr_name,
        p1_0.price_adjustment,
        p1_0.product_id,
        p1_0.attr_value 
    from
        product_attributes p1_0 
    where
        p1_0.product_id=?
2026-04-11 14:36:15 [http-nio-8080-exec-3] DEBUG org.hibernate.SQL - 
    select
        p1_0.pro_variant_id,
        p1_0.color,
        p1_0.connect_type,
        p1_0.created_at,
        p1_0.keycap_set,
        p1_0.price_modifier,
        p1_0.product_id,
        p1_0.switch_type 
    from
        product_variants p1_0 
    where
        p1_0.product_id=?
2026-04-11 14:36:15 [http-nio-8080-exec-3] DEBUG org.hibernate.SQL - 
    select
        p1_0.attr_id,
        p1_0.attr_def_id,
        p1_0.created_at,
        p1_0.attr_name,
        p1_0.price_adjustment,
        p1_0.product_id,
        p1_0.attr_value 
    from
        product_attributes p1_0 
    where
        p1_0.product_id=?
2026-04-11 14:36:15 [http-nio-8080-exec-3] DEBUG org.hibernate.SQL - 
    select
        p1_0.pro_variant_id,
        p1_0.color,
        p1_0.connect_type,
        p1_0.created_at,
        p1_0.keycap_set,
        p1_0.price_modifier,
        p1_0.product_id,
        p1_0.switch_type 
    from
        product_variants p1_0 
    where
        p1_0.product_id=?
2026-04-11 14:36:15 [http-nio-8080-exec-3] DEBUG org.hibernate.SQL - 
    select
        p1_0.attr_id,
        p1_0.attr_def_id,
        p1_0.created_at,
        p1_0.attr_name,
        p1_0.price_adjustment,
        p1_0.product_id,
        p1_0.attr_value 
    from
        product_attributes p1_0 
    where
        p1_0.product_id=?
2026-04-11 14:36:15 [http-nio-8080-exec-3] DEBUG org.hibernate.SQL - 
    select
        p1_0.pro_variant_id,
        p1_0.color,
        p1_0.connect_type,
        p1_0.created_at,
        p1_0.keycap_set,
        p1_0.price_modifier,
        p1_0.product_id,
        p1_0.switch_type 
    from
        product_variants p1_0 
    where
        p1_0.product_id=?
2026-04-11 14:36:15 [http-nio-8080-exec-3] DEBUG org.hibernate.SQL - 
    select
        p1_0.attr_id,
        p1_0.attr_def_id,
        p1_0.created_at,
        p1_0.attr_name,
        p1_0.price_adjustment,
        p1_0.product_id,
        p1_0.attr_value 
    from
        product_attributes p1_0 
    where
        p1_0.product_id=?
2026-04-11 14:36:15 [http-nio-8080-exec-3] DEBUG org.hibernate.SQL - 
    select
        p1_0.pro_variant_id,
        p1_0.color,
        p1_0.connect_type,
        p1_0.created_at,
        p1_0.keycap_set,
        p1_0.price_modifier,
        p1_0.product_id,
        p1_0.switch_type 
    from
        product_variants p1_0 
    where
        p1_0.product_id=?
2026-04-11 14:36:15 [http-nio-8080-exec-3] DEBUG org.hibernate.SQL - 
    select
        p1_0.attr_id,
        p1_0.attr_def_id,
        p1_0.created_at,
        p1_0.attr_name,
        p1_0.price_adjustment,
        p1_0.product_id,
        p1_0.attr_value 
    from
        product_attributes p1_0 
    where
        p1_0.product_id=?
2026-04-11 14:36:15 [http-nio-8080-exec-6] DEBUG o.s.w.s.m.m.a.HttpEntityMethodProcessor - Using 'application/json', given [*/*] and supported [application/json, application/*+json]
2026-04-11 14:36:15 [http-nio-8080-exec-3] DEBUG org.hibernate.SQL - 
    select
        p1_0.pro_variant_id,
        p1_0.color,
        p1_0.connect_type,
        p1_0.created_at,
        p1_0.keycap_set,
        p1_0.price_modifier,
        p1_0.product_id,
        p1_0.switch_type 
    from
        product_variants p1_0 
    where
        p1_0.product_id=?
2026-04-11 14:36:15 [http-nio-8080-exec-3] DEBUG org.hibernate.SQL - 
    select
        p1_0.attr_id,
        p1_0.attr_def_id,
        p1_0.created_at,
        p1_0.attr_name,
        p1_0.price_adjustment,
        p1_0.product_id,
        p1_0.attr_value 
    from
        product_attributes p1_0 
    where
        p1_0.product_id=?
2026-04-11 14:36:15 [http-nio-8080-exec-3] DEBUG org.hibernate.SQL - 
    select
        p1_0.pro_variant_id,
        p1_0.color,
        p1_0.connect_type,
        p1_0.created_at,
        p1_0.keycap_set,
        p1_0.price_modifier,
        p1_0.product_id,
        p1_0.switch_type 
    from
        product_variants p1_0 
    where
        p1_0.product_id=?
2026-04-11 14:36:15 [http-nio-8080-exec-3] DEBUG org.hibernate.SQL - 
    select
        p1_0.attr_id,
        p1_0.attr_def_id,
        p1_0.created_at,
        p1_0.attr_name,
        p1_0.price_adjustment,
        p1_0.product_id,
        p1_0.attr_value 
    from
        product_attributes p1_0 
    where
        p1_0.product_id=?
2026-04-11 14:36:15 [http-nio-8080-exec-3] DEBUG org.hibernate.SQL - 
    select
        p1_0.pro_variant_id,
        p1_0.color,
        p1_0.connect_type,
        p1_0.created_at,
        p1_0.keycap_set,
        p1_0.price_modifier,
        p1_0.product_id,
        p1_0.switch_type 
    from
        product_variants p1_0 
    where
        p1_0.product_id=?
2026-04-11 14:36:15 [http-nio-8080-exec-6] DEBUG o.s.w.s.m.m.a.HttpEntityMethodProcessor - Writing [[OrderDTO(id=4dc48c00-8ebb-4bb4-ba19-a0cefc3a968e, userId=e6031b54-4cdf-42c2-8d5f-ac0696c64a15, tota (truncated)...]
2026-04-11 14:36:15 [http-nio-8080-exec-3] DEBUG org.hibernate.SQL - 
    select
        p1_0.attr_id,
        p1_0.attr_def_id,
        p1_0.created_at,
        p1_0.attr_name,
        p1_0.price_adjustment,
        p1_0.product_id,
        p1_0.attr_value 
    from
        product_attributes p1_0 
    where
        p1_0.product_id=?
2026-04-11 14:36:15 [http-nio-8080-exec-3] DEBUG org.hibernate.SQL - 
    select
        p1_0.pro_variant_id,
        p1_0.color,
        p1_0.connect_type,
        p1_0.created_at,
        p1_0.keycap_set,
        p1_0.price_modifier,
        p1_0.product_id,
        p1_0.switch_type 
    from
        product_variants p1_0 
    where
        p1_0.product_id=?
2026-04-11 14:36:15 [http-nio-8080-exec-3] DEBUG org.hibernate.SQL - 
    select
        p1_0.attr_id,
        p1_0.attr_def_id,
        p1_0.created_at,
        p1_0.attr_name,
        p1_0.price_adjustment,
        p1_0.product_id,
        p1_0.attr_value 
    from
        product_attributes p1_0 
    where
        p1_0.product_id=?
2026-04-11 14:36:15 [http-nio-8080-exec-3] DEBUG org.hibernate.SQL - 
    select
        p1_0.pro_variant_id,
        p1_0.color,
        p1_0.connect_type,
        p1_0.created_at,
        p1_0.keycap_set,
        p1_0.price_modifier,
        p1_0.product_id,
        p1_0.switch_type 
    from
        product_variants p1_0 
    where
        p1_0.product_id=?
2026-04-11 14:36:15 [http-nio-8080-exec-3] DEBUG org.hibernate.SQL - 
    select
        p1_0.attr_id,
        p1_0.attr_def_id,
        p1_0.created_at,
        p1_0.attr_name,
        p1_0.price_adjustment,
        p1_0.product_id,
        p1_0.attr_value 
    from
        product_attributes p1_0 
    where
        p1_0.product_id=?
2026-04-11 14:36:15 [http-nio-8080-exec-3] DEBUG o.s.w.s.m.m.a.HttpEntityMethodProcessor - Using 'application/json', given [*/*] and supported [application/json, application/*+json]
2026-04-11 14:36:15 [http-nio-8080-exec-3] DEBUG o.s.w.s.m.m.a.HttpEntityMethodProcessor - Writing [Page 1 of 1 containing com.gearflow.dto.ProductDTO instances]
2026-04-11 14:36:15 [http-nio-8080-exec-3] DEBUG o.s.web.servlet.DispatcherServlet - Completed 200 OK
2026-04-11 14:36:15 [http-nio-8080-exec-6] DEBUG o.s.web.servlet.DispatcherServlet - Completed 200 OK
2026-04-11 14:36:21 [http-nio-8080-exec-10] DEBUG o.s.web.servlet.DispatcherServlet - GET "/api/products?page=0&size=1000", parameters={masked}
2026-04-11 14:36:21 [http-nio-8080-exec-10] DEBUG o.s.w.s.m.m.a.RequestMappingHandlerMapping - Mapped to com.gearflow.controller.ProductController#getAllProducts(int, int)
2026-04-11 14:36:21 [http-nio-8080-exec-8] DEBUG o.s.web.servlet.DispatcherServlet - GET "/api/brands", parameters={}
2026-04-11 14:36:21 [http-nio-8080-exec-8] DEBUG o.s.w.s.m.m.a.RequestMappingHandlerMapping - Mapped to com.gearflow.controller.PublicBrandController#getAllBrands()
2026-04-11 14:36:21 [http-nio-8080-exec-1] DEBUG o.s.web.servlet.DispatcherServlet - GET "/api/categories", parameters={}
2026-04-11 14:36:21 [http-nio-8080-exec-8] INFO  c.g.controller.PublicBrandController - GET /api/brands
2026-04-11 14:36:21 [http-nio-8080-exec-1] DEBUG o.s.w.s.m.m.a.RequestMappingHandlerMapping - Mapped to com.gearflow.controller.CategoryController#getAllCategories()
2026-04-11 14:36:21 [http-nio-8080-exec-1] INFO  c.g.controller.CategoryController - GET /api/categories
2026-04-11 14:36:21 [http-nio-8080-exec-8] DEBUG org.hibernate.SQL - 
    select
        b1_0.brands_id,
        b1_0.created_at,
        b1_0.description,
        b1_0.brands_name 
    from
        brands b1_0
2026-04-11 14:36:21 [http-nio-8080-exec-10] DEBUG o.s.w.s.m.m.a.HttpEntityMethodProcessor - Using 'application/json', given [*/*] and supported [application/json, application/*+json]
2026-04-11 14:36:21 [http-nio-8080-exec-10] DEBUG o.s.w.s.m.m.a.HttpEntityMethodProcessor - Writing [Page 1 of 1 containing com.gearflow.dto.ProductDTO instances]
2026-04-11 14:36:21 [http-nio-8080-exec-8] DEBUG o.s.w.s.m.m.a.HttpEntityMethodProcessor - Using 'application/json', given [*/*] and supported [application/json, application/*+json]
2026-04-11 14:36:21 [http-nio-8080-exec-1] DEBUG org.hibernate.SQL - 
    select
        c1_0.categories_id,
        c1_0.created_at,
        c1_0.description,
        c1_0.categories_name 
    from
        categories c1_0
2026-04-11 14:36:21 [http-nio-8080-exec-1] DEBUG o.s.w.s.m.m.a.HttpEntityMethodProcessor - Using 'application/json', given [*/*] and supported [application/json, application/*+json]
2026-04-11 14:36:21 [http-nio-8080-exec-8] DEBUG o.s.w.s.m.m.a.HttpEntityMethodProcessor - Writing [[BrandDTO(id=brand-001, name=Keychron, description=Premium wireless mechanical keyboards, imageUrl=n (truncated)...]
2026-04-11 14:36:21 [http-nio-8080-exec-1] DEBUG o.s.w.s.m.m.a.HttpEntityMethodProcessor - Writing [[CategoryDTO(id=cat-001, name=Mechanical Keyboards, description=High-quality mechanical keyboards fo (truncated)...]
2026-04-11 14:36:21 [http-nio-8080-exec-1] DEBUG o.s.web.servlet.DispatcherServlet - Completed 200 OK
2026-04-11 14:36:21 [http-nio-8080-exec-8] DEBUG o.s.web.servlet.DispatcherServlet - Completed 200 OK
2026-04-11 14:36:21 [http-nio-8080-exec-10] DEBUG o.s.web.servlet.DispatcherServlet - Completed 200 OK
2026-04-11 14:38:00 [SpringApplicationShutdownHook] INFO  o.s.o.j.LocalContainerEntityManagerFactoryBean - Closing JPA EntityManagerFactory for persistence unit 'default'
2026-04-11 14:38:01 [SpringApplicationShutdownHook] INFO  com.zaxxer.hikari.HikariDataSource - HikariPool-1 - Shutdown initiated...
2026-04-11 14:38:01 [SpringApplicationShutdownHook] INFO  com.zaxxer.hikari.HikariDataSource - HikariPool-1 - Shutdown completed.
